City,ZipCode,Population,$ IncomePerHousehold,Transport_tCO2e_yr,Food_tCO2e_yr,Total_tCO2e_yr
LOS ANGELES,90001,54481,24207,10.21885308,13.05,38.88819602
LOS ANGELES,90002,44584,22872,10.01898934,12.48,38.35177649
LOS ANGELES,90003,58187,22346,9.456838891,12,36.93619097
LOS ANGELES,90004,67850,27591,9.204517957,8.73,32.24308706
LOS ANGELES,90005,43014,21998,7.551197295,8.4,28.87668139
LOS ANGELES,90006,62765,20593,7.575730137,9.93,30.78272674
LOS ANGELES,90007,45021,17644,7.561491948,9.21,29.7820598
LOS ANGELES,90008,30840,30472,10.20943568,6.84,33.44827327
LOS ANGELES,90010,1943,32083,10.19186654,6.06,30.75108111
LOS ANGELES,90011,101214,23851,8.77196956,13.95,38.20410976
LOS ANGELES,90012,30577,20152,6.821837546,6.96,26.4078052
LOS ANGELES,90013,9727,8855,4.375041774,3.87,17.88208644
LOS ANGELES,90014,3518,8633,4.342499179,3.69,17.24927044
LOS ANGELES,90015,15134,18533,6.763573292,8.88,28.06528854
LOS ANGELES,90016,46968,29079,10.76082425,8.55,35.47882289
LOS ANGELES,90017,20689,14847,5.181115957,9.18,26.13537118
LOS ANGELES,90018,47127,23797,9.606166297,9.12,33.71663734
LOS ANGELES,90019,67510,31501,10.30582506,8.37,34.66611304
LOS ANGELES,90020,42383,24208,8.361531313,7.47,28.88063655
LOS ANGELES,90021,3003,13053,5.720592076,5.1,21.13025644
LOS ANGELES,90022,68688,27471,10.95952874,11.97,38.88494164
LOS ANGELES,90023,47468,26884,10.64885701,13.17,39.89882733
LOS ANGELES,90024,44141,47573,8.896682539,5.91,32.36284715
LOS ANGELES,90025,41170,47806,7.686714875,5.7,30.84541099
LOS ANGELES,90026,73671,28651,9.57219908,8.88,33.49262403
LOS ANGELES,90027,48715,31820,9.754697507,6.48,31.21799208
LOS ANGELES,90028,30562,21893,7.000266377,6.03,25.58434554
LOS ANGELES,90029,41697,22043,8.308105473,9,30.69222477
LOS ANGELES,90031,38409,25300,10.26581708,11.07,36.51685925
LOS ANGELES,90032,46942,33445,13.17211714,10.92,41.15814702
LOS ANGELES,90033,49418,22429,8.569903177,11.46,34.52876542
LOS ANGELES,90034,58199,37231,11.32549773,6.72,34.11505434
LOS ANGELES,90035,27792,50014,12.78004193,6.33,37.97059266
LOS ANGELES,90036,32885,47746,10.93664663,5.67,34.55627504
LOS ANGELES,90037,56691,20275,8.339841651,11.31,34.19012453
LOS ANGELES,90038,32557,23306,8.23911521,7.95,29.56391018
LOS ANGELES,90039,29306,45615,13.69026888,7.62,39.75685586
LOS ANGELES,90040,9798,35205,14.10227365,11.04,42.69633441
LOS ANGELES,90041,27864,48439,15.03771942,8.46,42.79180219
LOS ANGELES,90042,64660,36064,12.67850727,9.81,39.48259193
LOS ANGELES,90043,44761,34069,11.5307899,8.43,37.68985597
LOS ANGELES,90044,87366,22091,9.229081233,10.65,35.11772444
LOS ANGELES,90045,39315,56566,15.22352851,7.14,43.03517072
LOS ANGELES,90046,49831,37398,9.496393512,5.16,30.37087932
LOS ANGELES,90047,47105,35142,12.31507537,9.03,39.6644007
LOS ANGELES,90048,21724,47185,10.79847896,5.22,33.78999846
LOS ANGELES,90049,33520,84342,14.93545201,5.97,45.33560637
LOS ANGELES,90056,8108,72193,18.18635148,7.08,49.46805731
LOS ANGELES,90057,43986,19736,6.738371848,8.7,27.95054788
LOS ANGELES,90058,3624,18729,8.198575879,10.92,32.80691593
LOS ANGELES,90059,38123,22151,10.16175711,12.12,38.13837015
LOS ANGELES,90061,24503,26449,10.87695859,11.61,38.90963387
LOS ANGELES,90062,29279,26901,10.2733537,9.93,36.41440749
LOS ANGELES,90063,55666,30174,11.61399588,12.78,41.082269
LOS ANGELES,90064,24489,59923,12.45022355,6.69,40.18086316
LOS ANGELES,90065,47524,38271,13.07574585,9.9,40.61311963
LOS ANGELES,90066,55194,45089,12.89342304,7.08,38.0103789
LOS ANGELES,90067,2524,74830,10.41439852,4.77,36.9201414
LOS ANGELES,90068,21713,52890,12.70231183,5.22,36.80537439
WEST HOLLYWOOD,90069,20395,51215,8.295743434,4.5,30.57877426
LOS ANGELES,90077,10465,141527,26.79264951,7.41,70.45686697
BELL,90201,105275,30029,12.01902058,13.08,41.502554
BEVERLY HILLS,90210,21396,112572,18.47043066,7.41,57.04126854
BEVERLY HILLS,90211,8313,57746,13.64151573,6.66,40.30308261
BEVERLY HILLS,90212,11347,61039,9.418398637,5.97,35.75492534
COMPTON,90220,47303,33997,12.8956996,11.49,42.3713023
COMPTON,90221,51382,31310,13.04582696,13.71,44.23999813
COMPTON,90222,29823,29520,12.10692818,12.45,41.61898088
CULVER CITY,90230,31945,51275,14.04044921,7.38,40.73552578
CULVER CITY,90232,15175,46121,12.57185036,7.08,38.11959718
DOWNEY,90240,24891,55492,18.28015147,9.48,49.35045417
DOWNEY,90241,40138,43557,15.10495378,8.7,42.3652012
DOWNEY,90242,42444,42956,15.73026399,9.9,44.15005385
EL SEGUNDO,90245,16033,61341,15.98057886,6.81,43.54158162
GARDENA,90247,47741,35101,11.91906275,8.79,37.17234311
GARDENA,90248,9944,43125,15.84710768,8.97,43.67649751
GARDENA,90249,26433,44451,14.78140158,8.85,42.39562774
HAWTHORNE,90250,93314,33656,11.84740287,8.85,36.98787212
HERMOSA BEACH,90254,18682,81352,18.10121935,5.85,47.36899687
HUNTINGTON PARK,90255,78104,30375,11.19601744,12.57,39.96235674
LAWNDALE,90260,33299,41404,14.08627933,9.93,42.26478025
LYNWOOD,90262,69830,35846,14.16190617,14.1,46.06984294
MALIBU,90265,19614,100857,20.98778575,7.17,56.51931695
MANHATTAN BEACH,90266,33742,100761,19.94890827,7.02,54.98062549
MAYWOOD,90270,28083,30480,11.97536118,12.99,41.28470418
PACIFIC PALISADES,90272,22538,122877,22.49357806,7.35,62.37981018
PALOS VERDES PENINSULA,90274,24976,117979,26.29847062,7.98,66.56453813
RANCHO PALOS VERDES,90275,41261,95643,23.50185732,7.98,59.77142794
REDONDO BEACH,90277,34174,68263,16.12658792,6,43.48328073
REDONDO BEACH,90278,37316,69614,17.45541024,7.23,47.22359806
SOUTH GATE,90280,96260,35744,13.71618753,12.45,43.53218764
TOPANGA,90290,5441,88661,23.84781909,7.35,57.05520124
VENICE,90291,31018,45769,11.70469291,5.94,35.28108447
MARINA DEL REY,90292,18057,72215,14.06722607,4.95,40.0830723
PLAYA DEL REY,90293,11252,66425,16.60268984,5.46,42.75827831
INGLEWOOD,90301,37507,31306,10.99898744,9.18,36.14663005
INGLEWOOD,90302,30770,32698,11.48309405,8.28,36.0709704
INGLEWOOD,90303,27773,34751,12.58338502,10.98,41.14081413
INGLEWOOD,90304,28679,29036,11.4777292,13.14,40.77830537
INGLEWOOD,90305,13763,45711,14.23354032,7.32,41.40336363
SANTA MONICA,90401,5201,36461,8.184168861,4.32,27.41719963
SANTA MONICA,90402,11492,118553,20.72450033,6.93,59.17277384
SANTA MONICA,90403,23556,54964,11.73803226,5.01,35.37471458
SANTA MONICA,90404,19956,39821,10.66512203,6.12,33.31866263
SANTA MONICA,90405,26089,50540,11.15442976,5.43,34.84595746
TORRANCE,90501,40697,42117,14.05896104,8.76,40.73731743
TORRANCE,90502,17038,48601,15.7129404,8.76,43.73846035
TORRANCE,90503,41970,58127,15.88036863,7.41,43.66920329
TORRANCE,90504,31664,50587,16.23526986,8.13,44.12257741
TORRANCE,90505,34855,60737,16.57267564,7.47,45.22644156
WHITTIER,90601,32039,52800,17.22248282,8.55,46.41337345
WHITTIER,90602,26253,40695,14.67057804,9.24,41.96561577
WHITTIER,90603,19101,59328,19.77362788,8.4,50.87409547
WHITTIER,90604,37869,49836,17.99509436,9.66,48.4616741
WHITTIER,90605,38180,50630,18.68059672,11.25,51.24154613
WHITTIER,90606,32143,44440,16.84029321,10.98,47.83118669
BUENA PARK,90620,44432,57861,19.68985154,9.99,52.01622093
BUENA PARK,90621,33525,41716,14.962352,10.02,43.13278506
LA PALMA,90623,15498,69096,21.13817746,9.27,54.62134403
CYPRESS,90630,47334,63611,19.00340073,8.76,50.61339028
LA HABRA,90631,67353,50666,17.08646131,9.21,46.77458222
LA MIRADA,90638,47548,61724,19.58387871,9.3,51.81356532
MONTEBELLO,90640,62416,38773,13.97935882,9.84,41.7708279
NORWALK,90650,103211,46012,16.1083803,11.37,47.44949979
PICO RIVERA,90660,63277,41491,16.03393022,11.49,47.13200753
SANTA FE SPRINGS,90670,16263,46061,17.40574731,9.9,47.05632408
STANTON,90680,29679,41578,14.4067169,10.29,42.92099352
ARTESIA,90701,16380,44500,15.73755625,10.62,45.7610632
CERRITOS,90703,51542,72906,22.08571477,10.02,57.18020516
AVALON,90704,3696,39840,8.775549083,8.04,33.8943618
BELLFLOWER,90706,72878,39362,13.71454571,9.27,40.66660031
HARBOR CITY,90710,24640,42299,14.73544608,8.88,41.76335769
LAKEWOOD,90712,30171,59347,18.30792515,8.46,48.85769256
LAKEWOOD,90713,27549,63458,19.47358792,8.55,51.26985255
LAKEWOOD,90715,20884,48927,17.11944133,10.08,47.06025622
HAWAIIAN GARDENS,90716,14850,35153,14.01064641,12.72,44.27465692
LOMITA,90717,21060,42182,14.41575771,7.47,39.64117803
LOS ALAMITOS,90720,21328,65715,19.38230193,8.07,50.67864326
PARAMOUNT,90723,55305,36769,13.49927696,11.79,42.73111068
SAN PEDRO,90731,58622,35910,12.26416091,7.89,36.76072781
SAN PEDRO,90732,21264,63614,17.48835895,7.17,46.45168366
SEAL BEACH,90740,24177,42067,13.26976068,5.49,35.75034218
SUNSET BEACH,90742,1097,65990,16.91047559,5.79,43.91662254
SURFSIDE,90743,170,61786,15.56961222,7.62,45.9044817
WILMINGTON,90744,53308,30259,12.14361292,11.4,39.58406904
CARSON,90745,55473,50610,17.8047785,11.22,49.48214594
CARSON,90746,25561,59390,18.49886126,9.81,51.35900878
LONG BEACH,90802,38419,25860,8.648002944,6,28.26892565
LONG BEACH,90803,31349,60513,14.81939607,5.28,40.02366645
LONG BEACH,90804,43466,29872,10.48935758,8.31,33.95841442
LONG BEACH,90805,91663,32565,12.08544478,10.38,39.08785206
LONG BEACH,90806,49641,31488,11.31134578,10.02,37.54922537
LONG BEACH,90807,31549,50543,14.78640482,7.32,41.51736177
LONG BEACH,90808,37403,63620,19.29819345,7.83,49.83363759
LONG BEACH,90810,35637,36966,14.27366164,11.49,43.69847729
LONG BEACH,90813,63129,20015,8.00723949,11.19,33.08066395
LONG BEACH,90814,19014,41808,13.08382137,5.97,35.83530434
LONG BEACH,90815,38892,61074,17.27377029,7.26,46.07638107
ALTADENA,91001,36235,63543,18.24744814,8.61,50.88417586
ARCADIA,91006,30010,58779,17.7715944,8.58,48.61353439
ARCADIA,91007,30925,51255,15.79325296,7.89,43.74870382
DUARTE,91010,27400,50634,17.48860519,9.93,47.98279142
LA CANADA FLINTRIDGE,91011,20187,109802,26.40005497,8.82,66.88082013
MONROVIA,91016,41050,46468,14.89273756,8.28,42.58697134
MONTROSE,91020,7515,41580,13.93854894,6.75,38.12211432
SIERRA MADRE,91024,10545,65862,18.44536843,6.6,47.69191986
SOUTH PASADENA,91030,23975,55701,15.58215522,6.9,42.63651969
SUNLAND,91040,18748,51894,18.54059616,7.86,46.99568424
TUJUNGA,91042,26738,42882,16.71171151,8.07,43.49106524
PASADENA,91101,16809,38187,10.14465674,5.55,31.40353675
PASADENA,91103,27887,34824,12.56215386,9.99,40.37980448
PASADENA,91104,38449,41815,14.15494225,8.82,41.95454638
PASADENA,91105,10245,83737,18.47045058,6.39,50.61514482
PASADENA,91106,23725,46617,12.79878822,6.54,37.38767001
PASADENA,91107,32360,56426,16.12092372,7.56,44.900344
SAN MARINO,91108,13149,119147,25.16394681,9.06,67.79111145
GLENDALE,91201,23978,38179,14.05967331,8.58,39.97613238
GLENDALE,91202,21971,49818,15.33013737,7.47,42.0090282
GLENDALE,91203,14479,32350,11.91824134,7.95,35.41230528
GLENDALE,91204,16997,32339,11.06626421,8.94,35.27939083
GLENDALE,91205,41381,27701,10.66742468,8.64,33.99102036
GLENDALE,91206,31284,41674,13.8069435,7.29,38.3675279
GLENDALE,91207,9852,62347,18.6694091,7.5,48.53162671
GLENDALE,91208,16909,76034,20.50336437,7.74,53.12567394
LA CRESCENTA,91214,29101,64843,19.28338818,8.43,50.67321898
AGOURA HILLS,91301,25302,88725,24.21621461,8.91,61.94201014
CALABASAS,91302,23644,93378,22.70482218,8.28,59.87120748
CANOGA PARK,91303,23508,36769,12.39816042,9.33,38.65995261
CANOGA PARK,91304,49226,48052,15.66672884,8.79,44.61521244
WINNETKA,91306,43846,49064,16.50936467,9.57,46.80306022
WEST HILLS,91307,23622,74072,22.41314807,8.64,57.26400642
CHATSWORTH,91311,35317,62270,19.1389656,7.83,49.88262066
ENCINO,91316,27595,49131,14.20112218,6.48,40.07010372
NEWBURY PARK,91320,37775,77865,22.00918815,8.67,57.51199299
NEWHALL,91321,30727,49979,16.38387225,8.82,46.01508026
NORTHRIDGE,91324,25731,49961,15.44961778,8.67,45.47929208
NORTHRIDGE,91325,32300,48855,15.96796965,7.92,44.42131893
PORTER RANCH,91326,28049,82310,22.56294355,8.64,59.42981001
PACOIMA,91331,97300,39225,15.64332104,13.62,48.92038411
RESEDA,91335,68002,40792,14.36565958,9.15,42.67651816
SAN FERNANDO,91340,33373,40398,15.2641827,12.72,47.6890546
SYLMAR,91342,81970,48744,18.15818044,11.1,50.64699546
NORTH HILLS,91343,57001,41786,14.89963993,10.35,44.9798112
GRANADA HILLS,91344,48863,64947,20.33805008,8.88,53.7486703
MISSION HILLS,91345,17102,52603,18.60965519,9.99,50.56113221
SANTA CLARITA,91350,40069,74616,24.52812799,9.24,60.09204597
CANYON COUNTRY,91351,59257,61349,19.86257383,8.97,52.25650464
SUN VALLEY,91352,46624,41322,16.36879265,11.7,48.02538899
VALENCIA,91354,17841,84858,24.60436961,9.3,62.43937684
VALENCIA,91355,24970,76024,19.31385168,7.59,52.3667975
TARZANA,91356,27407,51420,15.03044565,7.32,43.15779732
THOUSAND OAKS,91360,42513,72033,20.76339039,8.46,54.23895628
WESTLAKE VILLAGE,91361,18724,86646,21.73339729,7.41,56.14587777
THOUSAND OAKS,91362,33039,83750,21.00279677,8.13,55.97963687
WOODLAND HILLS,91364,25985,79414,18.48730009,7.38,51.93752768
WOODLAND HILLS,91367,36106,61356,15.17092674,6.9,44.00274179
OAK PARK,91377,14809,89561,22.88261117,8.46,59.43382148
STEVENSON RANCH,91381,9919,87112,23.90827936,8.64,60.61630475
CASTAIC,91384,22173,73933,24.04135075,9.63,59.50750255
VAN NUYS,91401,40372,35403,12.63374734,8.28,38.1464255
PANORAMA CITY,91402,66241,32496,11.88496536,11.28,40.08013326
SHERMAN OAKS,91403,22079,53596,11.06306789,5.94,36.98859684
VAN NUYS,91405,51344,29657,11.40356927,9.27,36.495742
VAN NUYS,91406,50041,37178,13.1218474,8.73,39.56745304
VAN NUYS,91411,23641,34266,12.13023689,8.01,36.69152812
SHERMAN OAKS,91423,29370,52662,12.84047343,5.91,38.64488831
ENCINO,91436,13109,102652,15.17467484,7.65,53.90982559
BURBANK,91501,18096,43750,14.4464358,7.26,39.55675908
BURBANK,91502,11500,29185,10.37683656,7.17,32.19353959
BURBANK,91504,25872,55813,16.84155147,8.01,45.8315625
BURBANK,91505,29235,51740,13.4055641,6.63,39.55034824
BURBANK,91506,18530,50849,14.87281139,7.02,41.63617013
NORTH HOLLYWOOD,91601,36616,31671,10.79873313,7.47,34.17010076
NORTH HOLLYWOOD,91602,16978,47989,13.13564917,5.46,37.01579871
STUDIO CITY,91604,26137,60299,12.81545958,5.67,39.59807748
NORTH HOLLYWOOD,91605,57129,32168,12.76200829,11.07,41.02402906
NORTH HOLLYWOOD,91606,45348,31806,12.08265262,9.18,37.98809937
VALLEY VILLAGE,91607,27439,40565,12.63528211,6.33,36.50310591
RANCHO CUCAMONGA,91701,39055,66668,21.85807292,9.27,55.70868044
AZUSA,91702,57765,42108,15.60097679,10.89,45.78548764
BALDWIN PARK,91706,76889,41621,17.18140533,13.29,49.80801826
CHINO HILLS,91709,66734,78336,24.10312513,9.96,61.062583
CHINO,91710,75314,55185,19.44593202,10.32,52.39642904
CLAREMONT,91711,34715,66663,17.43590218,7.74,49.28797519
COVINA,91722,33803,50126,17.60478387,9.87,48.56885626
COVINA,91723,17552,42100,14.65271179,8.28,41.62071387
COVINA,91724,25062,59158,19.84789009,8.94,51.42719635
RANCHO CUCAMONGA,91730,51969,50047,16.08907478,8.73,45.38804338
EL MONTE,91731,30206,30942,12.99810682,11.88,41.62516573
EL MONTE,91732,62659,34141,13.85453482,12.81,44.39416925
SOUTH EL MONTE,91733,45640,32644,13.33328963,13.8,44.52642353
RANCHO CUCAMONGA,91737,23075,73201,23.65411182,9.27,59.32451209
RANCHO CUCAMONGA,91739,12925,70461,23.43866054,9.81,58.54633938
GLENDORA,91740,25117,52696,17.9715749,8.79,48.13038865
GLENDORA,91741,24967,67419,21.6387681,8.49,54.92059924
LA PUENTE,91744,84950,46792,17.89608122,13.77,52.68668961
HACIENDA HEIGHTS,91745,53682,59642,20.07767337,9.96,53.00800684
LA PUENTE,91746,30795,44189,18.75186573,13.56,53.09612285
ROWLAND HEIGHTS,91748,46324,51640,17.55523793,10.32,49.13570683
LA VERNE,91750,35512,60366,20.02656576,8.22,51.09081708
MIRA LOMA,91752,18971,37110,17.033753,9.78,45.9400693
MONTEREY PARK,91754,33263,40267,13.68043787,8.85,40.67469741
MONTEREY PARK,91755,26925,41295,14.93738885,9.6,42.68980441
MT BALDY,91759,35,26500,14.73688255,6.57,36.97450859
ONTARIO,91761,56271,49430,18.52830815,11.22,51.25097667
ONTARIO,91762,54243,39972,14.95517667,10.23,44.17826525
MONTCLAIR,91763,34437,40230,15.7855744,11.07,46.59889879
ONTARIO,91764,49461,39098,14.7221521,11.01,44.85085922
DIAMOND BAR,91765,46520,69848,21.57334239,9.51,55.91936337
POMONA,91766,69968,41876,16.288591,12.3,48.13539943
POMONA,91767,46614,40057,14.22186329,10.53,43.77033099
POMONA,91768,36047,35733,14.88836389,11.43,44.71515172
ROSEMEAD,91770,61605,37896,14.41963294,11.31,43.83457782
SAN DIMAS,91773,33865,63526,19.61155565,8.43,51.23891807
SAN GABRIEL,91775,23426,56657,17.64241698,8.37,47.50623568
SAN GABRIEL,91776,38032,38085,13.35220375,9.66,40.57131061
TEMPLE CITY,91780,32714,47575,16.44477727,8.7,45.01366329
UPLAND,91784,23312,81460,24.7154036,8.73,61.43793529
UPLAND,91786,48807,37431,13.81177737,8.1,40.06585459
WALNUT,91789,45106,73943,23.98259671,10.38,60.4638315
WEST COVINA,91790,44085,50825,18.13647852,10.17,49.61716343
WEST COVINA,91791,30442,56216,18.80135686,9.3,50.37103406
WEST COVINA,91792,31620,54074,18.84052015,10.53,50.69370553
ALHAMBRA,91801,54381,38229,12.79050473,8.31,38.09432175
ALHAMBRA,91803,30629,41303,14.50520422,9.3,41.8981422
ALPINE,91901,16468,62452,22.96444253,8.25,53.42342362
BONITA,91902,17379,70955,24.38738334,8.97,58.48256927
BOULEVARD,91905,1496,37727,16.91678057,7.77,41.6102065
CAMPO,91906,3122,39359,18.17410314,8.28,44.23550797
CHULA VISTA,91910,74009,42970,13.95621323,8.25,40.5794139
CHULA VISTA,91911,71124,38010,14.46577071,9.54,41.96969754
CHULA VISTA,91913,12880,66968,20.3158028,9.51,53.53249714
CHULA VISTA,91914,2601,68771,21.48634588,9.36,54.78491514
CHULA VISTA,91915,9270,76346,23.41240376,10.17,59.54251879
DESCANSO,91916,1575,46976,23.11198958,7.59,49.68975976
DULZURA,91917,708,32917,22.45074336,8.22,46.7453695
GUATAY,91931,782,29375,13.74742773,7.68,37.24286812
IMPERIAL BEACH,91932,26655,36025,13.59112925,8.52,38.97416865
JACUMBA,91934,695,25568,14.14747346,7.56,36.64557775
JAMUL,91935,8742,80291,29.1239331,9.21,63.94183075
LA MESA,91941,44651,45916,15.31567248,7.11,41.37246851
LA MESA,91942,24000,42443,13.99459052,6.48,38.06262599
LEMON GROVE,91945,24953,39906,15.41587177,8.61,42.48444467
MOUNT LAGUNA,91948,79,31389,9.885435282,5.28,30.84013314
NATIONAL CITY,91950,62335,29942,11.03025853,10.23,37.89753919
PINE VALLEY,91962,1598,63971,22.91499686,8.01,53.15721051
POTRERO,91963,899,29531,24.24109215,9.27,50.09374079
SPRING VALLEY,91977,56098,45917,17.21047868,9.33,46.32566406
SPRING VALLEY,91978,7843,46853,17.80842083,8.16,45.53749281
TECATE,91980,87,20417,18.38596535,11.34,43.24346989
BONSALL,92003,3844,58059,21.64276124,8.13,51.07350275
BORREGO SPRINGS,92004,2856,35648,12.36193477,6.66,36.29262792
CARDIFF BY THE SEA,92007,10366,62877,18.35643141,7.08,47.01807324
CARLSBAD,92008,35562,55123,16.22128348,7.26,44.05151299
CARLSBAD,92009,43155,76368,19.17367042,7.47,51.43014423
DEL MAR,92014,13938,97029,20.63196678,6.84,55.10547939
EL CAJON,92019,40981,56486,20.31183056,8.46,50.32361768
EL CAJON,92020,55266,37230,13.59743177,8.16,39.03494343
EL CAJON,92021,61868,40103,15.19699825,8.19,41.37731923
ENCINITAS,92024,47113,63996,17.57525297,7.65,47.40445923
ESCONDIDO,92025,49273,38828,14.6198818,9.75,42.21508194
ESCONDIDO,92026,43426,48441,17.30959637,8.1,44.93336277
ESCONDIDO,92027,48674,46077,17.96057318,9.21,46.85371579
FALLBROOK,92028,42236,49284,19.44786684,8.7,48.35782857
ESCONDIDO,92029,17929,63581,20.75300661,8.13,51.582101
JULIAN,92036,3557,47636,17.85520061,7.17,43.90041809
LA JOLLA,92037,42603,68691,15.04205138,6.21,43.47320097
LAKESIDE,92040,42267,49011,19.83343555,8.52,48.29606625
OCEANSIDE,92054,98226,36277,12.60941015,8.88,38.78186471
OCEANSIDE,92056,52894,53676,17.68699638,8.07,46.7129328
OCEANSIDE,92057,46881,49469,17.23534989,8.97,46.61011476
PALA,92059,1820,31316,15.55286468,11.76,44.47100677
PALOMAR MOUNTAIN,92060,225,43750,14.11554084,6.69,38.93379983
PAUMA VALLEY,92061,2607,44615,17.90793369,8.7,45.59544559
POWAY,92064,47957,71385,22.3517402,9.21,56.28192626
RAMONA,92065,33087,60404,24.19137036,9.21,55.26539974
RANCHITA,92066,338,22368,16.98662069,7.47,39.13254523
RANCHO SANTA FE,92067,7601,196298,34.42057972,8.67,88.13532931
SAN MARCOS,92069,52658,45647,15.83857437,8.82,44.03377321
SANTA YSABEL,92070,1141,30449,15.57488539,7.35,38.87553913
SANTEE,92071,53502,53824,18.50872765,8.4,47.94691838
SOLANA BEACH,92075,12170,69057,16.56736089,6.75,45.74704154
SAN MARCOS,92078,6748,53586,18.81067962,7.68,47.60900428
VALLEY CENTER,92082,14559,58147,23.95322051,9.21,54.84986946
VISTA,92083,62030,45901,15.76599462,9.03,44.05081006
VISTA,92084,44677,44322,16.99487642,9.27,45.51441259
WARNER SPRINGS,92086,1185,38077,15.91727816,6.99,40.46628973
RANCHO SANTA FE,92091,1061,103904,20.85116239,5.97,55.15152589
SAN DIEGO,92101,27494,23762,6.128175417,4.35,22.8183078
SAN DIEGO,92102,47123,26505,10.45381035,9.84,35.5229628
SAN DIEGO,92103,30186,39578,11.2388458,5.01,32.44128623
SAN DIEGO,92104,47688,31139,10.5027454,6.63,32.50469625
SAN DIEGO,92105,72994,25593,10.67402311,10.23,36.11734765
SAN DIEGO,92106,18505,62121,16.18628948,6.66,44.97365809
SAN DIEGO,92107,27956,42660,13.60012479,5.94,36.74887855
SAN DIEGO,92108,11640,42626,12.34928333,5.16,33.59399338
SAN DIEGO,92109,46071,45202,12.73143395,5.76,35.78958873
SAN DIEGO,92110,24149,40642,12.24702666,6.06,35.25476405
SAN DIEGO,92111,46821,42774,13.65372289,8.07,40.14687477
SAN DIEGO,92113,47417,23841,10.25073454,11.79,37.37541669
SAN DIEGO,92114,66837,46189,17.72782661,11.46,49.78398451
SAN DIEGO,92115,56883,31666,12.18224297,7.62,35.8530854
SAN DIEGO,92116,33080,35401,11.78368064,5.97,33.8486085
SAN DIEGO,92117,51203,47245,15.75388475,7.35,42.38470796
CORONADO,92118,24085,66489,13.97376386,6.81,42.78263629
SAN DIEGO,92119,21850,55973,17.61840558,7.17,45.8806032
SAN DIEGO,92120,25553,57461,18.23197848,7.05,46.72164825
SAN DIEGO,92121,4248,70750,19.03147328,7.05,48.73390584
SAN DIEGO,92122,34891,52039,14.24463732,6.27,39.14432316
SAN DIEGO,92123,25217,49646,15.74868077,7.86,43.41389331
SAN DIEGO,92124,30187,59164,18.0850079,8.55,48.50474041
SAN DIEGO,92126,74222,60229,18.36905687,9.21,49.19052448
SAN DIEGO,92127,20032,75219,20.70916743,8.52,53.32007935
SAN DIEGO,92128,42728,66676,16.41123714,6.78,45.66521876
SAN DIEGO,92129,47217,77851,22.03939562,9.48,57.29200822
SAN DIEGO,92130,28187,93929,20.8118896,7.95,56.42808643
SAN DIEGO,92131,29279,90811,23.5557093,8.4,59.96526977
SAN DIEGO,92139,36341,49032,18.36868123,10.41,49.04121392
SAN DIEGO,92154,68764,42970,17.51527242,11.07,48.06227783
SAN YSIDRO,92173,28481,27943,12.22808957,11.67,40.05959765
INDIO,92201,56296,36180,13.13724671,10.05,45.27550001
INDIO,92203,2730,37250,12.03995972,9.39,40.24875364
INDIAN WELLS,92210,3859,95126,17.34878222,5.79,52.01322244
PALM DESERT,92211,19699,52251,13.04002049,6.12,40.55712749
BANNING,92220,25848,32825,14.24517477,7.83,40.99726795
BEAUMONT,92223,17716,34254,15.46361922,8.13,42.64590343
BLYTHE,92225,24641,31092,12.35731526,8.73,38.98513133
BRAWLEY,92227,23387,31694,15.62811544,9.78,46.07607209
CABAZON,92230,2348,22524,13.71948268,8.88,39.94190413
CALEXICO,92231,27798,28851,14.98991152,11.88,47.86760886
CALIPATRIA,92233,7855,31031,15.75752381,10.47,47.48847743
CATHEDRAL CITY,92234,43129,38964,12.6929145,9.03,41.36115207
COACHELLA,92236,23159,28606,15.21124259,14.1,50.34817601
DESERT CENTER,92239,962,36250,11.37615684,7.32,37.43255564
DESERT HOT SPRINGS,92240,22779,27335,12.15248019,8.34,37.39311798
DESERT HOT SPRINGS,92241,5512,26554,10.85903897,6.6,34.43591553
EARP,92242,1545,22602,9.788857713,6.3,31.56628878
EL CENTRO,92243,43705,35024,14.24123904,9.75,44.91241882
HEBER,92249,3528,30739,17.11166861,12.48,51.52501895
HOLTVILLE,92250,8058,39583,18.64524759,10.08,51.34154702
IMPERIAL,92251,14538,51008,19.71605548,9.9,54.45927232
JOSHUA TREE,92252,8137,25700,12.87832238,6.87,35.8155282
LA QUINTA,92253,23970,54686,15.28357666,8.4,49.5222985
MECCA,92254,8761,23588,14.96602132,14.19,48.11907307
MORONGO VALLEY,92256,3485,31761,16.6109781,6.93,40.51832939
NILAND,92257,2734,22821,11.01616224,6.3,33.39693514
NORTH PALM SPRINGS,92258,717,28590,12.15733415,9.96,39.073042
OCOTILLO,92259,454,26964,15.11993847,6.12,37.94368377
PALM DESERT,92260,29322,43299,11.8709998,6.27,37.7749691
PALM SPRINGS,92262,24906,32844,10.7508018,6.6,34.5933293
PALM SPRINGS,92264,18869,39173,11.13937673,5.7,34.93543948
PALO VERDE,92266,287,13261,9.611673594,5.64,27.62419544
PARKER DAM,92267,113,55156,13.64213044,8.28,43.44815793
PIONEERTOWN,92268,341,42778,17.4006428,7.02,42.32758498
RANCHO MIRAGE,92270,12452,63349,13.72560677,5.76,42.51306142
SEELEY,92273,1617,30962,16.13813856,11.07,48.43643083
THERMAL,92274,17009,24760,13.51912708,12.36,44.33386558
SALTON CITY,92275,796,24087,11.71250185,6.99,36.60455494
THOUSAND PALMS,92276,6241,33776,12.28088682,7.56,40.70134029
TWENTYNINE PALMS,92277,17169,29781,13.35250101,7.56,37.88691866
TWENTYNINE PALMS,92278,14098,29509,13.06122227,9.78,40.47304449
VIDAL,92280,47,6964,9.021579751,7.05,29.73230867
WESTMORLAND,92281,2374,24813,13.64210737,10.17,44.28579381
WHITE WATER,92282,804,35982,19.40908894,7.8,44.25897523
WINTERHAVEN,92283,3656,20719,11.21764251,8.52,35.25834096
YUCCA VALLEY,92284,20477,29924,14.7303749,7.17,39.1382168
LANDERS,92285,2181,23854,13.52966907,6.36,34.07148826
ADELANTO,92301,18973,31403,15.53840017,10.47,44.05603217
AMBOY,92304,23,127308,23.56750338,6.9,63.93479084
ANGELUS OAKS,92305,289,65833,15.33821314,7.32,43.25853568
APPLE VALLEY,92307,31859,41728,18.34931841,8.49,47.23108148
APPLE VALLEY,92308,28805,36646,17.00041293,8.73,45.00635639
BAKER,92309,885,27422,10.69146726,9.3,36.20967251
FORT IRWIN,92310,9460,34313,14.92994313,10.2,44.77039415
BARSTOW,92311,31273,37591,14.54947717,8.28,42.79137948
GRAND TERRACE,92313,11008,57303,19.74635552,8.19,51.81802888
BIG BEAR CITY,92314,9882,37487,12.01583366,7.56,38.99968736
BIG BEAR LAKE,92315,5435,34537,9.019399184,6.93,34.60568411
BLOOMINGTON,92316,25987,38290,17.79691646,11.49,49.45416215
BLUE JAY,92317,2134,66856,16.59070534,8.79,50.14822134
BRYN MAWR,92318,220,24625,12.26879146,10.83,40.50356915
CALIMESA,92320,7323,38057,16.24826981,7.14,42.41533897
CEDAR GLEN,92321,439,70455,12.30637786,7.56,45.94522709
CIMA,92323,21,17083,7.609176062,5.73,26.0172237
COLTON,92324,52198,35984,13.95950198,9.72,42.26207792
CRESTLINE,92325,10477,44647,14.06124785,7.65,42.4380123
DAGGETT,92327,658,25417,12.49380572,7.26,35.38226529
DEATH VALLEY,92328,442,40938,14.8223107,5.34,37.68770968
ESSEX,92332,111,36563,18.64364829,7.23,43.21647513
FAWNSKIN,92333,409,37344,10.85676664,6.45,37.17054257
FONTANA,92335,82612,35008,14.28439238,11.52,44.69371672
FONTANA,92336,54585,55340,20.26232526,11.73,56.16780004
FONTANA,92337,29845,52883,20.24298487,11.43,54.43147069
LUDLOW,92338,10,52917,17.88465179,6,43.44928543
FOREST FALLS,92339,943,45766,14.57973214,6.81,39.24070354
GREEN VALLEY LAKE,92341,305,30417,8.771751771,6.78,33.96143658
HELENDALE,92342,4936,48051,20.59020668,7.53,49.22115666
HESPERIA,92345,68501,41423,18.95976804,9.36,48.90422597
HIGHLAND,92346,48227,45560,16.54423261,9.03,46.747028
HINKLEY,92347,1915,27852,16.38187243,8.58,41.69928561
LAKE ARROWHEAD,92352,9792,60829,13.80010077,8.31,46.52434668
LOMA LINDA,92354,18062,39086,13.50979198,7.53,39.3109922
LUCERNE VALLEY,92356,5251,27917,17.14181926,7.74,41.50465143
LYTLE CREEK,92358,1077,45273,18.47489851,7.35,44.00933376
MENTONE,92359,7306,40820,17.33646569,8.31,45.45364773
NEEDLES,92363,5471,25375,11.56440529,7.32,35.29182114
NIPTON,92364,158,30682,13.77123639,6.57,35.99193264
NEWBERRY SPRINGS,92365,2895,31338,15.36502361,7.59,39.88678836
ORO GRANDE,92368,895,24519,13.82719794,8.7,39.57067864
PHELAN,92371,12449,44322,21.43454226,9.12,49.87317358
PINON HILLS,92372,4262,35551,19.91201862,8.52,46.13558993
REDLANDS,92373,31228,47970,15.74771979,6.93,43.08223687
REDLANDS,92374,36658,45516,16.17657176,8.79,45.98234832
RIALTO,92376,75875,37568,14.66742997,11.1,45.53054705
RIALTO,92377,18499,57922,22.10897452,10.92,58.06380267
RUNNING SPRINGS,92382,5386,50608,15.19836412,7.83,44.57443992
SHOSHONE,92384,70,61000,23.75052233,6.18,51.71046555
SUGARLOAF,92386,1816,34219,10.36967266,7.41,36.88445685
TECOPA,92389,99,12344,8.475660493,4.95,25.35413323
VICTORVILLE,92392,63228,38199,15.12638167,8.91,44.57256631
VICTORVILLE,92394,12073,37301,15.85619945,9.78,46.29757172
WRIGHTWOOD,92397,4247,49901,16.57089531,7.74,45.42600963
YERMO,92398,1191,31429,14.27224512,7.98,39.86233754
YUCAIPA,92399,41566,39286,16.66948958,8.01,44.38925485
SAN BERNARDINO,92401,1768,12625,6.436833409,7.59,27.05170857
SAN BERNARDINO,92404,53634,31162,12.71052438,8.97,39.91157207
SAN BERNARDINO,92405,24637,30217,11.91451203,9.54,39.89941652
SAN BERNARDINO,92407,49349,40018,16.25930316,9.66,45.69200799
SAN BERNARDINO,92408,12138,23785,10.69697461,9.93,36.80564789
SAN BERNARDINO,92410,44540,23538,10.25872326,10.83,37.71955377
SAN BERNARDINO,92411,23144,23498,10.93535269,11.19,39.36514702
RIVERSIDE,92501,18982,31875,12.71998616,8.46,38.74805374
RIVERSIDE,92503,71670,44829,16.94639341,10.05,47.52383593
RIVERSIDE,92504,46533,40583,15.98880655,8.88,44.2231989
RIVERSIDE,92505,38442,41756,16.11695737,9.75,45.2848411
RIVERSIDE,92506,42405,62357,19.72256138,8.34,52.32621349
RIVERSIDE,92507,48645,30374,12.12924169,8.37,37.04548863
RIVERSIDE,92508,17142,68701,23.50864036,10.02,59.44002193
RIVERSIDE,92509,63997,45995,18.46669477,10.95,50.89649319
MARCH AIR RESERVE BASE,92518,990,66161,15.08056486,5.67,42.99152093
LAKE ELSINORE,92530,38514,39344,17.78941785,9.54,46.46346581
LAKE ELSINORE,92532,4542,59042,22.46703519,9.6,55.57812445
AGUANGA,92536,2425,36528,17.32165818,8.07,44.11254538
ANZA,92539,3744,30338,16.16981638,7.65,41.52590473
HEMET,92543,29674,23397,10.62277895,7.05,32.86461611
HEMET,92544,39254,37086,16.40376012,8.01,42.89583096
HEMET,92545,25687,31065,12.68369047,6.42,36.15771709
HOMELAND,92548,4276,22095,13.47067815,7.44,36.6991617
IDYLLWILD,92549,3583,35746,11.52565998,6.51,34.69952384
MORENO VALLEY,92551,22963,49418,18.39975252,11.61,53.01258853
MORENO VALLEY,92553,61203,38554,15.14206976,11.22,46.27368092
MORENO VALLEY,92555,12726,62509,25.25960346,10.26,60.6986164
MORENO VALLEY,92557,46197,54724,20.01623584,10.14,53.90931703
MOUNTAIN CENTER,92561,1495,43487,16.50799715,6.48,43.96358417
MURRIETA,92562,36129,61583,21.42311665,9.03,54.20790604
MURRIETA,92563,18303,52208,19.46290842,9,50.44580888
NUEVO,92567,7334,49513,21.71736076,9.51,52.55044012
PERRIS,92570,36802,32479,16.40650181,10.56,44.89613991
PERRIS,92571,26355,40097,16.64268479,11.43,48.01561491
SAN JACINTO,92582,4444,33031,15.13130238,8.49,41.72528029
SAN JACINTO,92583,21334,29051,13.2392243,8.37,38.5226262
MENIFEE,92584,14061,53190,20.60393318,9.03,51.60454909
SUN CITY,92585,8674,36118,16.23600123,8.49,43.22190708
SUN CITY,92586,18142,29152,12.87625034,5.97,35.50390373
SUN CITY,92587,13135,58656,21.17442556,8.58,51.66948294
TEMECULA,92590,3061,26778,14.65940928,9.12,39.83878032
TEMECULA,92591,25648,58429,19.25618847,9.33,51.49924453
TEMECULA,92592,46167,67593,23.19649867,9.63,57.70046942
WILDOMAR,92595,19359,50129,21.3889743,9.27,52.30035918
WINCHESTER,92596,4080,50806,22.79184715,9.33,53.11484356
IRVINE,92602,2754,112399,23.91231354,9.24,64.95091267
IRVINE,92604,27359,71779,19.25004457,8.43,51.31129211
IRVINE,92606,17619,71155,17.51133358,7.95,48.07751306
FOOTHILL RANCH,92610,10934,88710,22.71060979,8.58,58.16901766
IRVINE,92612,41051,60257,15.78372605,7.44,43.9426634
IRVINE,92614,22493,76934,18.11065466,7.92,49.9237247
IRVINE,92618,6297,53337,13.24934811,6.09,38.746907
IRVINE,92620,26415,86467,21.86794309,8.76,57.26460637
CAPISTRANO BEACH,92624,7445,60797,18.13334686,7.86,47.93368078
CORONA DEL MAR,92625,13407,100080,20.16279589,6.15,53.9610898
COSTA MESA,92626,48200,57929,15.79683632,7.74,44.23394934
COSTA MESA,92627,62066,46138,13.7288236,8.31,40.55759976
DANA POINT,92629,27728,64622,17.08336913,7.08,46.30655553
LAKE FOREST,92630,59167,68311,19.0895639,8.67,51.07734602
HUNTINGTON BEACH,92646,56501,69638,19.89905526,7.86,51.59318793
HUNTINGTON BEACH,92647,58761,57528,17.40611761,8.73,47.35973174
HUNTINGTON BEACH,92648,42645,64156,17.00204347,6.9,45.40792914
HUNTINGTON BEACH,92649,32292,70779,18.97218278,6.96,48.95639627
LAGUNA BEACH,92651,25186,76644,17.49067858,6.24,47.29593696
LAGUNA HILLS,92653,48266,46716,13.97923048,6.33,38.60982604
MIDWAY CITY,92655,8657,42218,15.38070851,9.75,43.6345963
ALISO VIEJO,92656,41222,74688,18.74859076,7.47,49.64925634
NEWPORT COAST,92657,5586,114004,23.96544577,7.08,61.75500647
NEWPORT BEACH,92660,28672,98119,18.63197932,6.69,52.78874207
NEWPORT BEACH,92661,4225,64293,15.74659053,6,43.3266786
NEWPORT BEACH,92662,3120,76381,15.44717797,5.37,44.13054648
NEWPORT BEACH,92663,22123,66978,15.78288607,6.12,43.38518665
SAN CLEMENTE,92672,34932,57110,16.49822162,7.29,44.40858632
SAN CLEMENTE,92673,15280,92073,25.15997928,8.76,62.08263778
SAN JUAN CAPISTRANO,92675,34311,62937,19.48874215,9.15,51.39634791
SILVERADO,92676,1839,78269,26.95406598,7.29,58.26587805
LAGUNA NIGUEL,92677,62099,80146,20.25603094,7.92,53.45203065
TRABUCO CANYON,92679,32267,112998,28.95170955,9.69,71.3315587
WESTMINSTER,92683,88225,49686,15.92594004,9.96,46.147036
RANCHO SANTA MARGARITA,92688,42181,74173,19.7026754,8.31,52.05408402
MISSION VIEJO,92691,46370,75184,21.53116605,8.73,55.62590306
MISSION VIEJO,92692,46210,82690,21.35627765,8.34,56.02800329
LADERA RANCH,92694,349,104306,22.32535196,8.73,63.59156238
SANTA ANA,92701,58151,33728,11.82409915,14.01,42.66012522
SANTA ANA,92703,70003,40674,15.91424016,15.81,50.96391247
SANTA ANA,92704,91176,49923,16.5758586,13.83,50.83553527
SANTA ANA,92705,44110,62368,18.9845351,9.12,51.32258803
SANTA ANA,92706,37871,45435,15.47754666,11.76,46.89872264
SANTA ANA,92707,62627,49080,17.24880324,14.07,51.39045462
FOUNTAIN VALLEY,92708,54530,69710,20.17674223,8.97,53.33586346
TUSTIN,92780,55047,47961,14.64523389,8.97,42.9482655
TUSTIN,92782,17485,85977,18.63038459,7.14,50.83860317
ANAHEIM,92801,60541,39789,13.88083723,10.08,41.92176805
ANAHEIM,92802,45074,41408,13.88564553,10.98,43.1272202
ANAHEIM,92804,81317,41887,15.11812326,9.9,43.49296289
ANAHEIM,92805,68796,39609,14.08473887,12.12,44.59754116
ANAHEIM,92806,34387,50555,16.25610763,9.57,46.08485854
ANAHEIM,92807,36283,76381,21.62676523,8.61,55.88530657
ANAHEIM,92808,19612,88329,22.94743211,8.34,58.34099517
BREA,92821,34041,59189,18.1980562,8.1,48.1069863
BREA,92823,1404,63266,22.59648198,8.1,54.48930653
FULLERTON,92831,34589,45102,14.46890048,7.62,40.45325198
FULLERTON,92832,24501,44037,14.07846817,9.3,41.99498281
FULLERTON,92833,46099,50929,17.09858819,9.33,46.87043808
FULLERTON,92835,21144,66607,19.33408451,7.59,50.24963239
GARDEN GROVE,92840,50636,47153,16.46650208,10.26,46.59470698
GARDEN GROVE,92841,31427,46892,17.4825894,10.08,47.44109491
GARDEN GROVE,92843,43486,42872,16.2551046,12.39,47.85300248
GARDEN GROVE,92844,23465,42218,16.06578416,10.89,45.31671482
GARDEN GROVE,92845,15864,66830,21.54901463,8.52,53.80435328
NORCO,92860,22425,63750,24.18816531,9.51,57.74809729
VILLA PARK,92861,5932,116658,30.04779728,9.18,73.50524393
ORANGE,92865,18039,55512,18.30178671,9.06,49.16641047
ORANGE,92866,15380,45307,14.64082015,7.71,40.94239133
ORANGE,92867,40914,63039,18.30213021,9.6,51.22515394
ORANGE,92868,23152,45267,14.51048467,8.91,42.13196298
ORANGE,92869,37900,74117,21.7234946,9.63,56.74612484
PLACENTIA,92870,48166,63367,18.99723983,9.21,51.35220334
CORONA,92879,44874,53451,18.3696594,9.9,49.84685446
CORONA,92880,16990,66439,22.72959307,10.26,57.41063347
CORONA,92881,21903,70992,23.29120401,9.81,58.75036753
CORONA,92882,60281,55957,19.07215295,10.08,51.49296623
CORONA,92883,13168,69462,25.45918562,9.75,60.91740462
YORBA LINDA,92886,39452,82188,24.71304038,8.94,60.70434401
YORBA LINDA,92887,20876,103926,26.5204478,9.45,67.10704817
VENTURA,93001,32898,43023,14.96511963,7.5,40.73246859
VENTURA,93003,46891,54574,16.11017499,7.47,44.27930576
VENTURA,93004,27379,59099,19.10923016,8.49,49.91353951
CAMARILLO,93010,42840,63245,19.11658252,8.22,50.40104088
CAMARILLO,93012,24928,69939,20.71019559,7.59,51.9281586
CARPINTERIA,93013,17402,52052,17.07098182,8.31,45.86036234
FILLMORE,93015,15999,45732,19.44859579,10.59,50.18355621
MOORPARK,93021,32978,76796,24.50790995,10.44,61.46710875
OAK VIEW,93022,6495,59313,21.29012442,8.82,52.87777834
OJAI,93023,21624,50709,19.35808233,7.77,47.87161755
OXNARD,93030,79717,46175,15.77242836,11.1,46.68857095
OXNARD,93033,77785,46342,18.49378529,13.71,52.76491071
OXNARD,93035,25321,58874,17.14155963,8.25,47.02051477
PIRU,93040,1449,41098,18.47688192,11.19,49.27899912
PORT HUENEME,93041,25617,41714,14.67521368,8.88,41.90762701
SANTA PAULA,93060,32509,43166,17.7264244,10.38,47.6084821
SIMI VALLEY,93063,49011,67311,22.24648247,8.88,55.83843611
SIMI VALLEY,93065,64785,72384,21.93369396,9.24,56.91752801
SOMIS,93066,2946,63043,26.47900462,9.36,60.486544
SUMMERLAND,93067,561,37227,13.38811695,6.09,35.85520637
SANTA BARBARA,93101,31717,38714,10.9354009,7.68,35.4626946
SANTA BARBARA,93103,20877,47625,14.62330933,8.34,41.94406934
SANTA BARBARA,93105,25756,57780,17.1915937,6.69,44.39459127
SANTA BARBARA,93108,12737,101575,22.12083086,7.14,58.1941449
SANTA BARBARA,93109,10966,56898,17.17973473,7.08,45.03423676
SANTA BARBARA,93110,15751,52493,17.1412893,7.41,44.81333069
SANTA BARBARA,93111,16470,68087,20.78372002,8.46,53.09626934
GOLETA,93117,49970,40901,16.45988243,8.52,42.75850774
ALPAUGH,93201,1048,24318,15.30897296,10.11,41.5678197
ARMONA,93202,2862,32773,15.56773914,10.47,45.03307534
ARVIN,93203,16202,24577,14.67418537,12.57,44.22449464
AVENAL,93204,14696,29152,15.00450597,12.39,44.97239746
BODFISH,93205,1951,21842,14.21777165,6.57,34.82277199
BUTTONWILLOW,93206,2076,26912,14.19054352,10.95,42.7043195
CALIFORNIA HOT SPRINGS,93207,210,22188,9.739114513,5.94,30.01134105
CAMP NELSON,93208,186,36607,13.35046332,6.9,36.98577554
COALINGA,93210,18033,37434,15.44121272,9.42,43.37612743
CORCORAN,93212,23495,28769,13.63085118,10.41,41.86308613
DELANO,93215,37277,27912,13.96054611,12.06,43.43841608
DUCOR,93218,812,33523,19.97340496,11.67,49.77982383
EARLIMART,93219,9303,22735,13.62084026,13.11,43.30919389
EXETER,93221,13321,36989,18.06194956,9,46.36757479
FRAZIER PARK,93222,1520,43875,14.63605098,7.2,40.49358286
FARMERSVILLE,93223,8631,27613,14.61860188,12.06,44.45175772
FELLOWS,93224,608,38056,20.97927075,8.7,49.10629105
FRAZIER PARK,93225,4481,39530,17.93274113,7.71,44.45025929
GLENNVILLE,93226,280,37083,18.42898445,7.11,43.21524114
HANFORD,93230,53201,37224,15.14194164,8.88,43.05703563
HURON,93234,6902,25521,12.97927061,13.29,42.33168673
IVANHOE,93235,4507,26215,13.11045877,11.79,42.31818986
KERNVILLE,93238,1871,27955,12.7284741,6,33.81804953
KETTLEMAN CITY,93239,1793,26042,14.26818952,13.74,45.23042873
LAKE ISABELLA,93240,5550,22194,12.37814182,6.51,33.11175166
LAMONT,93241,15350,25147,11.70571005,12.81,42.02166628
LATON,93242,2880,34375,17.45428745,10.05,46.27141811
LEBEC,93243,1229,39091,18.67715543,8.43,45.66067052
LEMON COVE,93244,274,31250,15.77413572,7.53,39.89628882
LEMOORE,93245,30402,38652,16.36606782,9.48,45.25047492
LINDSAY,93247,15507,27712,15.5282295,10.86,43.90222241
LOST HILLS,93249,2501,30625,16.89653818,15.9,51.53847887
MC FARLAND,93250,10780,25137,14.22187462,12.75,44.03326405
MC KITTRICK,93251,296,53750,21.39437347,8.55,51.65603429
MARICOPA,93252,4342,31250,15.71934555,8.64,41.93145641
NEW CUYAMA,93254,793,36500,16.52445821,8.58,43.12676117
ONYX,93255,653,17171,15.3495858,7.02,35.99575258
PIXLEY,93256,4178,21781,13.66418711,11.52,42.01053454
PORTERVILLE,93257,65552,30995,14.33787118,9.78,42.19554803
POSEY,93260,247,28929,11.25868067,7.05,33.88134408
RICHGROVE,93261,2945,22011,12.94589836,14.28,43.88688067
SEQUOIA NATIONAL PARK,93262,38,46500,10.55281401,5.19,33.30551989
SHAFTER,93263,15172,29466,14.40216005,10.95,43.43912254
SPRINGVILLE,93265,3527,40256,16.80396615,6.81,42.12593092
STRATFORD,93266,1721,29129,16.88399716,12.42,47.55411143
STRATHMORE,93267,5678,28837,16.11727767,11.4,45.29691388
TAFT,93268,14926,31938,14.36969964,8.25,40.62233345
TERRA BELLA,93270,5864,28934,15.85480813,11.43,44.87895953
THREE RIVERS,93271,2313,44432,17.05057374,6.81,42.04380379
TIPTON,93272,2931,27868,16.64384788,11.13,45.87903985
TULARE,93274,56097,33605,15.09191438,9.75,43.59418766
TUPMAN,93276,229,27750,13.58247669,10.26,41.44189035
VISALIA,93277,44737,44015,15.15885632,8.01,43.3746084
WASCO,93280,22752,29351,15.16265966,11.28,44.35937656
WAUKENA,93282,61,28333,13.46781705,9.15,39.35044638
WELDON,93283,1920,21932,14.71653862,6.78,36.03637334
WOFFORD HEIGHTS,93285,2510,24227,11.19546122,5.88,31.66127643
WOODLAKE,93286,8852,27221,15.29374444,10.59,43.02697222
WOODY,93287,68,34375,20.95182289,7.56,45.25988452
VISALIA,93291,36711,34034,14.75735383,10.17,43.70862547
VISALIA,93292,30393,42622,17.81576943,9.03,47.03298739
BAKERSFIELD,93301,12960,25587,9.980888589,7.11,32.78762557
BAKERSFIELD,93304,44577,28613,11.56062135,9.06,38.10169063
BAKERSFIELD,93305,35623,24114,10.66043168,9.93,37.39163062
BAKERSFIELD,93306,53466,38711,15.38798,9,43.90948254
BAKERSFIELD,93307,59179,26462,12.9698658,10.92,41.45727394
BAKERSFIELD,93308,44914,33035,14.8233626,7.86,40.9269527
BAKERSFIELD,93309,58612,40084,13.83664508,7.77,40.52669821
BAKERSFIELD,93311,20432,60700,19.87252731,8.25,51.38704794
BAKERSFIELD,93312,40824,61583,22.54360141,9.39,56.3388784
BAKERSFIELD,93313,25115,50114,19.98151909,9.9,52.03336541
SAN LUIS OBISPO,93401,27034,37176,14.13813248,6.69,38.10629993
LOS OSOS,93402,14842,46806,18.28309973,7.29,45.16636225
SAN LUIS OBISPO,93405,31972,30016,15.05691937,7.14,38.47674179
ARROYO GRANDE,93420,24482,50244,19.31167415,7.5,47.14987754
ATASCADERO,93422,29532,49754,20.01521015,7.89,48.20610062
AVILA BEACH,93424,797,39792,13.10670289,5.34,36.20909502
BRADLEY,93426,1348,42045,16.23298628,7.41,41.81392417
BUELLTON,93427,4630,49677,19.5730259,8.13,47.95159878
CAMBRIA,93428,6515,45243,15.58099897,6.66,41.51941596
CASMALIA,93429,195,37574,14.29780338,9,39.48566089
CAYUCOS,93430,3212,43040,14.94082501,6.36,39.63138605
CRESTON,93432,1193,50236,22.59161274,7.77,49.15058792
GROVER BEACH,93433,13099,37930,14.49743323,7.71,40.11730828
GUADALUPE,93434,5724,30864,16.07478333,12,45.49913115
LOMPOC,93436,51736,41952,16.93991584,8.49,44.38522007
LOMPOC,93437,6152,39444,15.93491208,9.99,44.95773486
LOS ALAMOS,93440,1308,48182,22.03319788,8.52,50.95185941
LOS OLIVOS,93441,1301,61339,24.38749522,7.98,54.52179575
MORRO BAY,93442,10891,34908,13.1011368,6.15,35.84678861
NIPOMO,93444,15391,50231,20.8354869,9.06,50.87215134
OCEANO,93445,7422,38408,15.02763206,8.88,41.97073881
PASO ROBLES,93446,35578,42309,17.48560723,8.13,44.61002095
PISMO BEACH,93449,8562,46521,13.67401378,6.06,38.40028229
SAN ARDO,93450,662,28929,17.65003752,9.51,44.46471663
SAN MIGUEL,93451,2664,39301,21.17079346,8.49,47.41471777
SAN SIMEON,93452,470,42885,14.92016916,6.6,39.50037418
SANTA MARGARITA,93453,2678,44545,23.94354087,7.53,49.86612936
SANTA MARIA,93454,30522,39007,16.14646957,8.31,42.84858636
SANTA MARIA,93455,37352,53251,20.32284149,8.4,50.3040817
SANTA MARIA,93458,43676,32589,14.89115424,12.33,44.8356293
SANTA YNEZ,93460,5704,68682,24.39428872,8.16,56.12700677
SHANDON,93461,1254,35903,21.47582139,10.05,50.45845245
SOLVANG,93463,7942,52149,18.34179786,7.41,46.31295296
TEMPLETON,93465,7901,52376,23.27702665,8.61,52.87635113
MOJAVE,93501,4873,29121,14.44816431,7.98,39.67743267
CALIFORNIA CITY,93505,8311,45868,18.09937363,8.16,46.60790707
ACTON,93510,7813,65737,27.30407892,8.94,61.03389734
BENTON,93512,331,26250,16.19247202,8.07,39.42502956
BIG PINE,93513,1816,34688,17.57796157,7.32,42.84962885
BISHOP,93514,13304,37969,16.85249721,7.02,41.40186438
BORON,93516,2231,40800,15.64007776,7.53,42.82105972
BRIDGEPORT,93517,817,36281,11.42055702,6.75,35.02644302
CALIENTE,93518,1009,31196,19.1466986,7.05,42.816816
DARWIN,93522,59,13750,11.95263198,4.44,28.3770807
EDWARDS,93523,7679,37032,17.00026872,9.42,45.70051618
INDEPENDENCE,93526,723,37604,15.55236657,6.33,38.76361206
INYOKERN,93527,2196,37361,18.2608739,7.11,43.47218545
JOHANNESBURG,93528,198,21964,10.6094849,6,30.65457317
JUNE LAKE,93529,612,48214,12.18475021,6.96,38.15794292
KEELER,93530,66,19625,11.15358961,5.49,30.11165403
KEENE,93531,1435,54792,22.15187748,7.89,52.51147801
LAKE HUGHES,93532,2760,52222,21.1722943,7.83,48.81903254
LANCASTER,93534,35104,31217,12.04304812,7.74,37.34066559
LANCASTER,93535,57791,39747,16.75299705,9.51,46.49301869
LANCASTER,93536,49303,54223,20.22489848,8.73,51.69374539
LEE VINING,93541,488,45500,18.27760573,7.89,44.69848788
LITTLEROCK,93543,11184,43864,21.50768444,10.08,52.34669252
LLANO,93544,1201,44318,21.6539555,7.14,47.20434898
LONE PINE,93545,1890,28274,13.6945491,6.93,36.24836541
MAMMOTH LAKES,93546,8214,46858,11.29114561,7.32,36.90553305
OLANCHA,93549,301,34375,17.08688939,8.07,42.14529245
PALMDALE,93550,67213,37484,15.61509433,10.17,45.15482552
PALMDALE,93551,34036,68057,22.88908785,9.54,58.225204
PALMDALE,93552,25359,50179,19.86503974,10.8,53.39530041
PEARBLOSSOM,93553,1600,30417,18.2123729,7.65,42.1057992
RANDSBURG,93554,105,48125,14.67799447,5.16,37.19624099
RIDGECREST,93555,29762,45722,16.5265962,7.5,44.37269516
ROSAMOND,93560,14926,42029,17.74400946,8.58,46.23793237
TEHACHAPI,93561,25793,47031,18.43242154,8.16,47.17715622
TRONA,93562,1988,35952,13.0372957,7.59,39.78838888
VALYERMO,93563,406,83367,20.13039901,8.34,55.67653093
PALMDALE,93591,6775,38482,22.02141545,10.62,53.37994655
AHWAHNEE,93601,1957,38688,20.52736649,8.07,46.34499559
AUBERRY,93602,3455,42885,18.27625081,7.92,44.59903555
BADGER,93603,260,21838,8.730473212,6.96,29.58714081
BASS LAKE,93604,604,33802,10.63962009,6.03,33.31115898
BIG CREEK,93605,258,63750,11.86486032,9,42.03660105
BIOLA,93606,788,33500,19.76902121,13.83,54.35059657
CANTUA CREEK,93608,1746,27604,17.44148853,13.71,48.16036458
CARUTHERS,93609,5434,35351,17.00440583,11.13,47.13161748
CHOWCHILLA,93610,19383,31437,15.81687858,9.24,42.69877517
CLOVIS,93611,46851,64229,23.48354512,9.21,56.8333525
CLOVIS,93612,33838,30646,12.24268888,7.59,36.50186387
COARSEGOLD,93614,9391,44161,20.91390044,7.74,47.78629867
CUTLER,93615,5502,26694,14.43285075,13.86,46.55569079
DEL REY,93616,1957,32292,15.61623201,11.13,45.39446538
DINUBA,93618,24205,32467,16.18367619,11.1,46.04117143
DOS PALOS,93620,9386,27945,16.90326094,9.9,44.11306088
DUNLAP,93621,490,17063,15.08067534,7.83,36.23254696
FIREBAUGH,93622,9474,29007,15.16858251,11.85,44.18965176
FISH CAMP,93623,63,2499,3.83806444,5.73,20.40806189
FIVE POINTS,93624,1847,32284,17.28445744,12.51,47.13186567
FOWLER,93625,5616,35253,15.89436386,9.57,43.8377216
FRIANT,93626,1119,40170,20.07874683,7.17,45.32247132
HELM,93627,148,17917,12.99396071,12.69,41.30171996
HUME,93628,92,41250,14.33307534,11.04,44.58573144
KERMAN,93630,14047,29750,16.14196657,10.59,44.07819519
KINGSBURG,93631,14077,40064,17.00775478,8.82,45.50455898
LAKESHORE,93634,46,45417,9.063628498,9.99,37.42202263
LOS BANOS,93635,29120,42460,18.80169407,9.93,48.74979645
MADERA,93637,28431,37043,16.56977616,9.51,45.18624254
MADERA,93638,49244,35221,17.04415732,11.34,47.04282965
MENDOTA,93640,9160,23815,13.18371759,12.84,42.76870005
MIRAMONTE,93641,559,30357,12.42674921,6.36,33.71291176
NORTH FORK,93643,3360,35436,17.73209036,7.59,42.41538587
OAKHURST,93644,8520,35455,16.84540616,7.05,40.64352937
O NEALS,93645,172,107474,31.29945278,8.91,70.39487846
ORANGE COVE,93646,8441,23280,13.42555327,13.29,43.58375578
OROSI,93647,9775,30039,16.34743954,12.66,47.24643227
PARLIER,93648,12581,25085,13.30117166,13.08,43.81073563
FRESNO,93650,3257,22708,10.49549858,12.03,39.57868517
PRATHER,93651,1309,41341,20.93068366,8.52,48.11969829
RAISIN CITY,93652,245,38750,16.24200134,10.8,45.46756555
RAYMOND,93653,971,36875,23.46581284,7.8,48.46206182
REEDLEY,93654,25906,35367,15.96377324,10.38,45.58504529
RIVERDALE,93656,5725,30727,16.40131763,10.56,45.69689326
SANGER,93657,28975,36732,17.46389277,10.05,46.25854846
SAN JOAQUIN,93660,4311,23717,14.21098394,13.92,44.8248354
SELMA,93662,26211,35383,15.85259246,10.41,45.48652317
SHAVER LAKE,93664,637,42167,12.3218141,6.84,37.1533624
SOUTH DOS PALOS,93665,331,12298,11.47350978,12.12,41.28715412
SULTANA,93666,287,28250,15.73454629,11.37,45.13382647
TOLLHOUSE,93667,2627,50227,21.83868932,9.03,51.43540652
TRANQUILLITY,93668,1114,45208,21.98842923,9.96,52.8224257
WISHON,93669,310,57614,15.75771587,7.14,43.16610836
TRAVER,93673,631,24844,13.45531699,12.54,43.94332319
SQUAW VALLEY,93675,3138,38768,19.35970543,7.86,45.21084207
FRESNO,93701,13844,14213,7.473801929,11.94,33.72747785
FRESNO,93702,47997,21514,9.808764619,12.03,38.04116838
FRESNO,93703,31168,26116,11.1951148,9.6,37.59940524
FRESNO,93704,26565,36839,13.10943835,7.14,38.84297957
FRESNO,93705,35443,30661,12.09030704,8.67,38.07699606
FRESNO,93706,35781,21991,11.81420934,10.92,39.48381457
FRESNO,93710,29327,33670,12.56616932,7.68,37.93263737
FRESNO,93711,36269,56927,16.88100328,7.2,46.24381974
FRESNO,93720,45075,61797,17.88559184,7.98,48.94139007
FRESNO,93721,6836,12742,6.56472194,6.93,25.52774425
FRESNO,93722,60879,43256,16.14391618,9.21,45.29893572
FRESNO,93725,20998,29244,14.60059303,11.19,43.52505543
FRESNO,93726,39135,28992,11.51375263,8.22,36.64447813
FRESNO,93727,54681,34092,13.49263352,9.39,40.87247336
FRESNO,93728,16339,25670,10.59857321,8.34,35.60521949
SALINAS,93901,35723,42177,13.95860397,7.83,40.16660102
SALINAS,93905,58537,36176,15.05150195,15.09,48.02329097
SALINAS,93906,53938,49124,16.7215762,10.14,46.84524621
SALINAS,93907,22278,60179,23.18568747,9.18,54.32242879
SALINAS,93908,13020,85488,27.08618292,8.52,62.42801581
BIG SUR,93920,996,41304,16.28603724,6.24,39.44359195
CARMEL BY THE SEA,93921,2963,53750,11.6194139,5.25,36.55308991
CARMEL,93923,13108,67315,18.74606815,6.27,48.05429387
CARMEL VALLEY,93924,6677,71053,23.48531569,7.29,53.88836948
CHUALAR,93925,1135,48295,24.19665101,11.91,55.73501794
GONZALES,93926,9019,41538,20.16235459,13.41,53.24802796
GREENFIELD,93927,14189,38445,18.40452421,13.5,50.46157052
JOLON,93928,250,32917,17.5061616,9.54,44.48137702
KING CITY,93930,14464,39672,17.38457764,11.31,47.33947172
LOCKWOOD,93932,527,48839,22.93673079,8.49,50.66371299
MARINA,93933,21750,42231,13.71662605,8.25,40.48986232
MONTEREY,93940,32840,50274,13.09726272,6.48,38.63823683
PACIFIC GROVE,93950,15436,50263,13.99481929,6.3,39.75177074
PEBBLE BEACH,93953,4590,98608,20.63771994,6.48,56.07537057
SAN LUCAS,93954,507,31083,18.53804911,12.78,48.00269516
SEASIDE,93955,38232,41386,13.46762352,9.6,41.94689367
SOLEDAD,93960,13001,43377,19.38802618,13.14,52.22789615
SPRECKELS,93962,398,58519,16.16069008,8.22,47.07180191
BELMONT,94002,25548,80973,19.54852137,7.02,51.27540404
BRISBANE,94005,3615,65658,17.25506936,6.6,45.44453311
BURLINGAME,94010,40328,82188,18.64780788,7.17,51.14244981
DALY CITY,94014,47451,60711,16.34295705,10.83,49.07074471
DALY CITY,94015,63317,64534,16.82782157,9.33,48.41966964
HALF MOON BAY,94019,17923,82735,23.35032315,8.34,57.64568697
LA HONDA,94020,1610,89150,26.38191462,7.08,58.66462907
LOMA MAR,94021,128,43542,13.05339638,7.05,38.09716599
LOS ALTOS,94022,18466,145425,28.32649206,7.8,72.77558855
LOS ALTOS,94024,21479,128853,27.46926562,8.16,70.01939212
MENLO PARK,94025,39061,89572,18.35292558,7.35,51.767344
ATHERTON,94027,6857,200001,36.50246107,8.58,91.60254023
PORTOLA VALLEY,94028,6595,164479,32.35643171,7.83,79.76379025
MILLBRAE,94030,20334,68067,17.99826666,7.68,48.69739273
MONTARA,94037,2332,93859,24.86871148,8.16,60.60598258
MOSS BEACH,94038,3061,82777,23.30715734,8.64,57.50976396
MOUNTAIN VIEW,94040,32132,69087,16.07272199,6.93,44.73146946
MOUNTAIN VIEW,94041,13471,67889,15.78703867,6.54,43.62447116
MOUNTAIN VIEW,94043,27821,68721,15.98249556,6.78,44.36708981
PACIFICA,94044,38869,72288,21.625428,8.31,54.10154173
PESCADERO,94060,2042,59006,21.0019841,8.58,49.79186815
REDWOOD CITY,94061,35718,64839,17.93767325,7.74,47.7442839
REDWOOD CITY,94062,25563,96677,25.68898111,7.56,61.36685253
REDWOOD CITY,94063,32350,49279,14.64207057,10.5,44.09438591
REDWOOD CITY,94065,10656,104958,21.5493627,6.87,56.49073191
SAN BRUNO,94066,39546,61939,17.24387099,8.13,46.98117199
SAN CARLOS,94070,28079,89016,20.39342226,7.23,54.17472834
SAN GREGORIO,94074,287,73750,26.8294625,7.89,57.39899717
SOUTH SAN FRANCISCO,94080,60592,61289,16.58715202,9.15,47.64023668
SUNNYVALE,94086,63997,71056,15.85333529,7.29,44.71743816
SUNNYVALE,94087,50051,84856,19.16345949,7.62,52.21084708
SUNNYVALE,94089,16970,66807,17.36433974,7.62,47.18522507
SAN FRANCISCO,94102,28991,22351,5.040735721,5.07,22.23641331
SAN FRANCISCO,94103,23016,31131,6.254154154,6.12,26.49371536
SAN FRANCISCO,94104,374,14609,4.349978819,5.4,20.6569033
SAN FRANCISCO,94105,2058,88976,11.87840273,4.23,38.41435498
SAN FRANCISCO,94107,17368,61362,11.03445696,5.46,35.9043115
SAN FRANCISCO,94108,13716,31542,5.672257611,5.34,24.90860581
SAN FRANCISCO,94109,56322,43444,7.077704259,4.92,28.06044851
SAN FRANCISCO,94110,74633,53795,9.884460678,8.43,38.06681999
SAN FRANCISCO,94111,3335,56569,8.365156609,4.35,30.36867915
SAN FRANCISCO,94112,73104,57629,13.7600522,10.77,46.50376816
SAN FRANCISCO,94114,30574,75727,12.15305152,5.49,40.39208406
SAN FRANCISCO,94115,33115,54879,9.880272512,5.55,34.00026493
SAN FRANCISCO,94116,42958,66627,14.88986228,8.49,46.36739175
SAN FRANCISCO,94117,38738,63983,10.83704427,5.91,37.35326611
SAN FRANCISCO,94118,38939,61609,11.7246408,6.69,39.22573623
SAN FRANCISCO,94121,42473,61776,12.69770506,7.29,41.11398122
SAN FRANCISCO,94122,55492,60733,12.81407357,7.68,41.87196679
SAN FRANCISCO,94123,22903,84710,12.32850006,4.83,40.42561234
SAN FRANCISCO,94124,33170,37146,11.02682074,10.53,40.15541895
SAN FRANCISCO,94127,20624,95313,18.01361152,7.62,54.08695152
SAN FRANCISCO,94129,2228,73571,16.0810302,8.31,48.52536509
SAN FRANCISCO,94130,1453,80959,13.05027679,8.13,45.612028
SAN FRANCISCO,94131,27897,76044,14.66395645,6.03,43.79241813
SAN FRANCISCO,94132,26291,55000,13.21113231,7.53,40.99128613
SAN FRANCISCO,94133,26827,40990,7.083973769,5.91,29.11962833
SAN FRANCISCO,94134,40134,54342,14.44633136,11.13,46.83774657
PALO ALTO,94301,16186,97758,17.89296889,6.18,50.73834181
PALO ALTO,94303,45483,64256,18.49331426,10.41,51.72272298
PALO ALTO,94304,1704,77539,16.055695,5.43,43.22695228
STANFORD,94305,13371,41313,10.70718352,6.66,33.90202263
PALO ALTO,94306,24484,82314,17.34995584,6.96,48.75995169
SAN MATEO,94401,32484,55112,14.2510588,7.59,41.29281875
SAN MATEO,94402,23373,82796,19.91649155,7.38,53.08980896
SAN MATEO,94403,37919,67152,17.36174829,7.35,47.1493863
SAN MATEO,94404,31866,92989,19.49921843,7.14,52.72903999
ALAMEDA,94501,58535,51896,12.9168394,6.9,39.09095808
ALAMEDA,94502,13980,87855,20.40390193,7.89,54.8562239
DANVILLE,94506,19768,142459,30.78346183,9.09,77.23142314
ALAMO,94507,15186,139997,31.17498387,8.64,77.09541876
ANGWIN,94508,3631,61389,18.68440063,7.98,49.06991073
ANTIOCH,94509,90879,60375,19.27662999,9.21,51.62174016
BENICIA,94510,25573,65959,20.22184184,7.68,51.42755842
BETHEL ISLAND,94511,2362,45450,17.44950525,6.24,41.52828958
BIRDS LANDING,94512,130,50500,29.47628841,9.06,58.42241215
BRENTWOOD,94513,26560,68515,23.49340916,9.24,57.22175989
BYRON,94514,10138,85109,24.97173458,7.98,60.07489859
CALISTOGA,94515,7370,44320,16.43752343,7.44,43.0616574
CLAYTON,94517,14223,96658,27.83445302,8.19,65.4931564
CONCORD,94518,27392,64429,18.6895434,7.83,49.61152066
CONCORD,94519,18643,57601,18.95253936,8.19,49.28079852
CONCORD,94520,36174,41002,13.27340947,8.52,39.82655382
CONCORD,94521,39887,64485,19.98844444,8.19,51.5754453
PLEASANT HILL,94523,32671,67824,17.74093242,7.08,47.82039183
CROCKETT,94525,3184,48672,16.39770572,6.42,42.49522744
DANVILLE,94526,32853,109771,24.82649891,8.19,64.58856653
EL CERRITO,94530,23121,56905,15.16050175,6.75,43.00151153
FAIRFIELD,94533,77666,50537,16.73192122,8.73,46.51090888
TRAVIS AFB,94535,9966,36518,15.08990554,9.99,43.70204893
FREMONT,94536,66533,70026,19.04762889,8.37,50.70080534
FREMONT,94538,56111,68121,18.14286395,8.67,49.37844451
FREMONT,94539,46910,101977,25.75861112,9.51,65.35603843
HAYWARD,94541,60254,48523,15.0924051,8.61,43.18977703
HAYWARD,94542,11145,69014,20.17098116,8.07,51.42657292
HAYWARD,94544,72984,49452,16.40149017,9.72,46.11041171
HAYWARD,94545,27295,56973,19.06101636,9.51,50.12321228
CASTRO VALLEY,94546,41680,57976,17.71532263,7.47,46.7681489
HERCULES,94547,22460,75707,22.87019083,9,56.91021758
LAFAYETTE,94549,23995,101555,23.55044623,7.8,61.05832923
LIVERMORE,94550,75925,75026,22.5900652,8.4,56.20984796
CASTRO VALLEY,94552,13202,105393,27.8558445,8.82,67.38003247
MARTINEZ,94553,46659,60402,18.76090428,7.29,48.02285579
FREMONT,94555,33863,84442,22.05553843,9.42,57.6167403
MORAGA,94556,16501,98525,23.24547148,7.74,60.36179127
NAPA,94558,63932,55995,18.96446688,8.01,48.36123056
NAPA,94559,26891,43846,15.56705053,7.65,41.92313717
NEWARK,94560,42471,69350,21.46068878,9.78,55.06007412
OAKLEY,94561,27599,63777,23.95208663,9.66,57.48226365
ORINDA,94563,17944,119832,26.34556178,7.98,67.49483545
PINOLE,94564,16705,60804,18.97531664,8.34,49.715123
PITTSBURG,94565,78813,48523,17.2836263,9.57,47.31677288
PLEASANTON,94566,36664,90107,22.25443607,8.1,57.92163778
POPE VALLEY,94567,488,60000,23.15468909,8.4,52.64720208
DUBLIN,94568,29633,77122,20.08812912,7.95,52.79684127
PORT COSTA,94569,168,61429,20.77916326,6.3,48.59180791
RIO VISTA,94571,5233,45142,18.08979444,7.32,45.18634917
RODEO,94572,8487,60082,20.55985549,8.97,52.13290398
SAINT HELENA,94574,9415,60964,17.89193385,7.47,47.76845695
DEER PARK,94576,218,68026,20.247332,7.26,51.13390194
SAN LEANDRO,94577,41867,50888,15.05531983,7.62,42.64718011
SAN LEANDRO,94578,36565,44723,13.7308349,7.59,39.5361508
SAN LEANDRO,94579,19802,57214,18.62356438,8.61,49.12447607
SAN LORENZO,94580,26237,54594,17.97177819,8.7,48.18816993
SAN RAMON,94583,44076,95588,22.33370887,7.86,58.41637241
SUISUN CITY,94585,39260,66010,23.79791186,9.54,57.36019079
SUNOL,94586,773,81923,30.00840618,7.83,64.48934971
UNION CITY,94587,66457,71863,21.43366294,10.71,56.64607844
PLEASANTON,94588,28557,92644,22.49586012,8.25,58.41547011
VALLEJO,94589,42198,53881,19.43577129,9.63,50.8332126
VALLEJO,94590,37214,35699,12.30459132,7.77,37.494277
VALLEJO,94591,51659,61022,19.98137028,8.94,51.56528248
VALLEJO,94592,149,17188,12.88496957,6.84,34.5252619
WALNUT CREEK,94595,18019,51418,14.28375106,5.31,38.98779401
WALNUT CREEK,94596,40916,64389,15.50700255,6.36,43.21183536
WALNUT CREEK,94598,26011,85479,20.7173252,7.44,55.25686347
YOUNTVILLE,94599,2870,48452,15.86085886,5.88,41.13157923
OAKLAND,94601,54857,33152,11.04864835,10.71,38.75577116
OAKLAND,94602,28880,55321,14.88052073,7.44,43.25638157
OAKLAND,94603,31389,34755,12.74783551,10.65,41.63342599
OAKLAND,94605,42852,47288,14.65466598,8.25,43.13748999
OAKLAND,94606,41872,32273,9.99048903,8.31,33.98581772
OAKLAND,94607,21048,21124,7.302672101,7.77,29.09452807
EMERYVILLE,94608,24572,33556,9.678591168,6.69,32.51072
OAKLAND,94609,21093,34398,9.730709237,6.54,32.89230109
OAKLAND,94610,29963,49066,12.11574662,5.67,35.90233146
OAKLAND,94611,36508,68853,15.72768637,6.36,44.79257889
OAKLAND,94612,11700,20034,5.917889625,5.04,23.04268117
OAKLAND,94618,15420,77952,16.58699705,6.36,47.66107785
OAKLAND,94619,24501,54174,15.95606672,8.07,45.10809901
OAKLAND,94621,30744,29181,10.72575556,10.53,38.27750344
BERKELEY,94702,15629,39290,10.8841669,6.54,35.14090541
BERKELEY,94703,19743,43640,11.03804709,6.72,36.00899963
BERKELEY,94704,21203,19750,6.999402913,5.97,25.86396735
BERKELEY,94705,12443,68112,14.7884807,6.48,44.24039722
ALBANY,94706,15865,57153,13.65589249,6.87,41.20781346
BERKELEY,94707,11880,100590,20.43805935,7.14,57.19620177
BERKELEY,94708,10730,103791,20.58912583,6.87,57.18611214
BERKELEY,94709,10140,38613,9.722720137,5.49,31.46089877
BERKELEY,94710,8149,34951,10.9412546,7.44,35.1146011
RICHMOND,94801,28437,33962,12.20798145,9.78,39.42023318
EL SOBRANTE,94803,25392,61494,19.59909581,8.19,50.3744888
RICHMOND,94804,39080,41573,12.68627768,8.13,39.45616457
RICHMOND,94805,13973,50300,15.74221205,7.83,45.93392562
SAN PABLO,94806,55719,43649,14.87881339,9.3,44.74568329
SAN RAFAEL,94901,40221,59889,15.16474974,7.59,45.28128043
SAN RAFAEL,94903,28401,70758,18.54310514,6.96,50.64217674
GREENBRAE,94904,11999,82528,19.40652093,6.48,52.4958714
BELVEDERE TIBURON,94920,13048,106492,21.67102078,6.87,59.94262532
BODEGA,94922,571,53125,21.59358918,7.83,48.3739276
BODEGA BAY,94923,1769,57045,15.38456754,6.27,41.64911807
BOLINAS,94924,1560,52772,17.1621344,6.96,43.0584091
CORTE MADERA,94925,9019,77455,19.76243287,7.14,53.48176029
ROHNERT PARK,94928,42542,51952,17.18035225,7.95,46.59057758
DILLON BEACH,94929,319,47679,12.87950586,6.18,37.52783499
FAIRFAX,94930,8476,60971,18.92062498,6.75,49.12348444
COTATI,94931,7916,52297,18.93782053,7.65,48.21072107
FOREST KNOLLS,94933,1019,54732,20.20908192,7.29,47.46218503
INVERNESS,94937,995,48036,14.47720019,7.05,40.24798065
LAGUNITAS,94938,813,60769,22.09707649,7.26,49.59788877
LARKSPUR,94939,6766,75747,17.08506226,6.06,47.41596804
MARSHALL,94940,394,36625,15.74113488,7.38,39.53917489
MILL VALLEY,94941,28718,91283,19.21297441,6.66,54.1418106
NOVATO,94945,16423,65938,21.16601492,7.71,53.75074963
NICASIO,94946,589,76194,28.43379089,7.62,59.44003665
NOVATO,94947,24724,66970,20.62378308,7.71,53.15698932
NOVATO,94949,13360,63838,18.67413214,7.23,49.82537965
OLEMA,94950,245,80633,23.8190031,6.87,54.05547551
PENNGROVE,94951,3764,62528,24.61905665,7.65,56.27627341
PETALUMA,94952,31917,56934,19.6192837,7.59,50.11713871
PETALUMA,94954,35400,67705,22.28334096,8.58,56.51889394
POINT REYES STATION,94956,1874,50673,18.50562149,6.54,44.12460812
SAN ANSELMO,94960,16846,76627,19.77960854,7.26,53.92095366
SAN GERONIMO,94963,528,58333,21.92112891,7.5,49.3003361
SAN QUENTIN,94964,6439,53750,13.96233693,7.17,43.02016641
SAUSALITO,94965,11206,76808,15.96455399,5.52,45.42755823
STINSON BEACH,94970,772,88184,16.92693595,5.94,47.28490209
TOMALES,94971,371,50703,25.70306297,7.77,52.85313297
VALLEY FORD,94972,60,45903,27.49021462,8.58,55.10393061
WOODACRE,94973,1434,60833,23.11317098,7.56,51.57545136
ALVISO,95002,2128,58304,21.31305324,12.6,57.80857514
APTOS,95003,24225,68760,19.43404975,7.17,51.00763061
AROMAS,95004,3368,67697,26.42594047,9.33,59.92556476
BEN LOMOND,95005,6394,64813,24.25991101,8.1,55.84120225
BOULDER CREEK,95006,10506,65206,22.80829693,7.5,52.2562922
BROOKDALE,95007,1000,70417,21.45111899,8.07,54.35239226
CAMPBELL,95008,44970,68106,17.34388485,7.2,47.84191419
CAPITOLA,95010,9657,46171,13.85495827,6.21,39.621356
CASTROVILLE,95012,8562,41200,18.29809175,12.63,51.34178541
CUPERTINO,95014,54412,100020,21.35317056,8.28,59.15059982
DAVENPORT,95017,850,56750,24.16938462,7.77,52.42250242
FELTON,95018,8720,60270,20.15354402,7.47,49.71436013
FREEDOM,95019,4734,38378,16.45005247,11.58,47.55954195
GILROY,95020,49948,64611,21.54889947,10.29,56.3058532
HOLLISTER,95023,47505,58559,22.91784106,10.14,56.71152065
LOS GATOS,95030,13289,117564,25.30219205,7.2,65.75438314
LOS GATOS,95032,24427,93118,22.3779999,7.35,58.59092133
LOS GATOS,95033,10170,106675,31.60168036,7.83,67.85805428
MILPITAS,95035,62840,84565,21.40384052,10.41,59.42129128
MORGAN HILL,95037,41690,82258,24.83163375,9.21,61.67749819
MOSS LANDING,95039,891,49286,21.65806318,8.85,51.00760067
MOUNT HERMON,95041,76,80030,13.20539296,7.59,45.54635731
PAICINES,95043,806,40469,19.71594762,7.68,45.59848937
SAN JUAN BAUTISTA,95045,3401,47056,20.1998496,8.88,48.83287645
SAN MARTIN,95046,5660,69063,25.49408608,10.26,59.86292136
SANTA CLARA,95050,36335,58961,15.0970155,7.32,42.70590157
SANTA CLARA,95051,52972,73147,17.2334752,7.83,48.10275713
SANTA CLARA,95054,13013,85124,18.94918954,8.88,52.31262967
SANTA CRUZ,95060,43172,54082,15.74276201,7.47,43.40756707
SANTA CRUZ,95062,36620,46181,14.62100552,7.17,40.55658452
SANTA CRUZ,95064,4559,45054,11.94155137,7.59,37.55419288
SANTA CRUZ,95065,8346,58490,19.77356146,7.71,48.82254034
SCOTTS VALLEY,95066,14561,74159,21.53485988,7.74,53.22415375
SARATOGA,95070,30577,138206,28.85578273,8.52,73.60680024
SOQUEL,95073,9807,57034,19.88084045,7.65,48.5418474
WATSONVILLE,95076,81136,45354,17.13148673,11.16,47.96968098
SAN JOSE,95110,18180,48203,14.62137311,10.65,44.58811046
SAN JOSE,95111,57735,58807,19.4717865,12.27,53.6988839
SAN JOSE,95112,52331,41014,12.4520209,8.76,38.4896225
SAN JOSE,95113,543,12083,5.837654466,4.17,20.069271
SAN JOSE,95116,51688,48541,16.17992045,12.75,48.4209895
SAN JOSE,95117,29903,57626,16.42085774,8.07,44.73781396
SAN JOSE,95118,31916,73134,20.42294337,8.46,53.14466817
SAN JOSE,95119,10137,87931,23.92927835,9.6,61.0062911
SAN JOSE,95120,37089,120117,29.31949928,9.03,72.06605476
SAN JOSE,95121,37126,75326,23.68698887,12.33,61.38438962
SAN JOSE,95122,59822,60817,20.47192615,15.06,58.00226447
SAN JOSE,95123,59621,75188,20.30235784,8.76,53.57868496
SAN JOSE,95124,45250,79008,21.32178576,8.25,55.08883999
SAN JOSE,95125,46184,68613,17.73621871,7.23,48.02727321
SAN JOSE,95126,27021,50113,14.15387142,7.32,40.21821278
SAN JOSE,95127,60609,63096,22.01658606,11.61,56.92199622
SAN JOSE,95128,32799,55869,15.91438806,7.65,43.71124656
SAN JOSE,95129,37565,79489,18.55351257,8.01,51.00818434
SAN JOSE,95130,13465,73502,20.99987485,8.25,53.3186777
SAN JOSE,95131,26384,87486,21.27231234,9.75,57.06314428
SAN JOSE,95132,40563,82779,25.39208111,10.47,62.37726429
SAN JOSE,95133,26018,68214,20.6970671,11.04,54.81353627
SAN JOSE,95134,9643,82072,17.48793942,6.72,47.39640945
SAN JOSE,95135,15791,96078,23.81785367,8.1,60.15816785
SAN JOSE,95136,36924,74908,21.06578031,8.64,53.85660684
SAN JOSE,95138,14785,103389,26.15128762,9.21,65.20437326
SAN JOSE,95139,7006,86515,25.88229885,9.15,62.13280753
MOUNT HAMILTON,95140,35,16250,13.36887516,6.57,30.54471802
SAN JOSE,95148,44095,89398,28.31787924,12.09,68.66699054
STOCKTON,95202,7070,11456,6.303923485,6.54,24.63978884
STOCKTON,95203,16344,28453,12.13312179,8.64,37.44407303
STOCKTON,95204,30465,36391,13.2351671,7.38,38.94176601
STOCKTON,95205,34120,26109,11.94867584,10.38,39.18508087
STOCKTON,95206,49649,35835,16.3204881,11.31,46.54998635
STOCKTON,95207,49958,33194,12.16011564,8.01,37.33561538
STOCKTON,95209,30812,56416,18.79908612,9.6,51.15428693
STOCKTON,95210,40594,36566,14.84808572,10.62,44.13880382
STOCKTON,95212,6934,50316,20.1148327,7.95,49.22326898
STOCKTON,95215,23778,33884,17.19115883,9.54,44.909163
STOCKTON,95219,19103,50396,16.9897194,7.17,44.15756484
ACAMPO,95220,6310,48830,23.51737995,8.64,53.05559351
ALTAVILLE,95221,664,26250,12.25858897,6.72,34.42837983
ANGELS CAMP,95222,4246,36794,20.06353464,7.29,44.64866932
ARNOLD,95223,5142,44563,12.2896244,6.78,37.79162504
AVERY,95224,104,9583,7.892786926,6.51,26.08439458
BURSON,95225,14,16250,6.863378562,5.25,26.24767896
CAMPO SECO,95226,55,34750,13.15290424,10.32,41.47818422
CLEMENTS,95227,717,46818,21.42190077,7.95,49.27982184
COPPEROPOLIS,95228,2624,42466,17.77758555,7.44,43.62808257
FARMINGTON,95230,589,40284,26.76824802,8.7,53.65885238
FRENCH CAMP,95231,5087,29066,15.06036307,9.36,41.9906468
GLENCOE,95232,17,21250,7.563756215,6.39,29.78155031
HATHAWAY PINES,95233,316,58472,17.60711816,7.08,44.86991546
LINDEN,95236,3135,49844,23.81660901,8.85,53.60833219
LOCKEFORD,95237,3190,43864,19.13738514,8.58,48.26878363
LODI,95240,45747,35749,14.25494401,8.46,40.81461958
LODI,95242,22071,49047,18.15154439,7.59,46.40689505
MOKELUMNE HILL,95245,2714,37635,19.8349072,6.9,44.10676427
MOUNTAIN RANCH,95246,1672,32813,21.09199753,7.26,44.92239405
MURPHYS,95247,4338,43396,17.14969103,6.81,42.42764162
SAN ANDREAS,95249,3916,34418,17.48495072,6.81,41.74369078
SHEEP RANCH,95250,87,12625,13.60317837,7.05,33.83818342
VALLECITO,95251,440,37000,22.6240944,7.26,48.12452151
VALLEY SPRINGS,95252,11259,47837,23.36845368,8.28,51.24127816
WALLACE,95254,287,49821,19.91987652,7.56,47.48152247
WEST POINT,95255,2190,27845,16.20792697,7.14,39.170304
WILSEYVILLE,95257,415,18750,13.3445787,6.6,33.44103127
WOODBRIDGE,95258,4162,54926,20.72317159,8.88,51.90024317
ATWATER,95301,27794,37831,15.73529345,9.42,44.04372859
BALLICO,95303,798,40192,17.29712668,9.36,45.25131709
BIG OAK FLAT,95305,149,25938,14.21235685,7.11,36.1314291
CATHEYS VALLEY,95306,984,36250,18.77645563,7.68,43.78244531
CERES,95307,32874,38003,16.65710931,9.54,45.26765487
COLUMBIA,95310,2126,36058,17.50484468,6.54,41.16424832
COULTERVILLE,95311,2256,25160,17.36019751,7.17,39.5382805
CRESSEY,95312,43,17321,12.27347316,9.93,36.96548447
CROWS LANDING,95313,1501,37917,18.47348805,9.75,47.05645931
DELHI,95315,10141,40505,18.97296967,11.19,49.71811812
DENAIR,95316,5496,40568,20.65832727,9.21,49.46135336
EL NIDO,95317,795,34479,16.5750871,9.78,43.97014647
EL PORTAL,95318,575,38750,16.46302511,6.69,39.94918212
ESCALON,95320,11454,48260,20.41977848,8.97,50.08367152
GROVELAND,95321,3663,40956,14.64207925,6.57,38.83506058
GUSTINE,95322,7868,37766,17.5394037,8.67,44.78768943
HICKMAN,95323,1052,36000,21.48759532,9.24,49.22392845
HILMAR,95324,7157,40941,19.3516541,9.18,47.88362677
HORNITOS,95325,114,38036,23.65061511,7.14,47.80385125
HUGHSON,95326,6808,43867,19.35108974,9.27,48.58214786
JAMESTOWN,95327,9549,33503,16.48824483,7.14,40.22744535
KEYES,95328,2114,31471,15.54160318,11.34,44.98448323
LA GRANGE,95329,1736,44861,22.92564301,7.74,49.79501305
LATHROP,95330,10819,54140,22.68434435,10.62,55.68209827
LE GRAND,95333,3255,32594,17.49341089,10.53,45.60344547
LIVINGSTON,95334,12666,33187,16.8025973,12.42,47.48628944
LONG BARN,95335,674,22147,9.202533994,6.39,30.22370164
MANTECA,95336,36728,48544,18.75688937,8.97,49.02189092
MANTECA,95337,19847,43813,18.60260074,8.97,47.55006604
MARIPOSA,95338,10218,34601,17.25191623,7.14,41.03696505
MERCED,95340,59285,32573,14.13576371,9.63,42.02160343
MIDPINES,95345,431,30536,18.33021761,6.63,40.88497042
MI WUK VILLAGE,95346,1261,51969,15.17744747,7.29,41.75921723
MERCED,95348,23093,33473,14.08856175,8.49,40.11263707
MODESTO,95350,52862,37671,13.47394977,7.86,40.53732716
MODESTO,95351,47531,30576,13.5006523,11.19,43.10061889
MODESTO,95354,27115,33511,13.4336684,8.4,40.1914237
MODESTO,95355,47605,45115,15.9391517,8.04,44.30476074
MODESTO,95356,26038,46663,17.16190145,8.13,45.78651536
MODESTO,95357,13328,47038,20.17270414,9.75,51.38706351
MODESTO,95358,30665,38993,19.12024871,10.74,49.67405149
NEWMAN,95360,8485,39225,18.38453242,9.9,48.02739979
OAKDALE,95361,25369,45102,18.83692231,8.28,47.22245399
PATTERSON,95363,15529,46006,21.64568209,10.65,53.45854731
PINECREST,95364,232,55833,12.21187587,6.84,38.33694912
PLANADA,95365,4145,24663,14.12129868,12.48,43.26375315
RIPON,95366,12627,55821,21.67493126,8.88,52.92849167
RIVERBANK,95367,16514,44621,18.07104714,10.23,49.3215415
SALIDA,95368,12464,58075,21.56931481,10.32,55.51162289
SNELLING,95369,1153,31042,16.72212489,8.73,41.88373234
SONORA,95370,25331,37714,16.25391007,7.05,40.58383252
SOULSBYVILLE,95372,1518,44394,19.4692505,7.89,45.50985594
STEVINSON,95374,1943,35746,18.67775782,9.93,45.91460765
TRACY,95376,69786,61800,22.14630597,9.51,54.901403
TUOLUMNE,95379,3970,38405,19.08268106,7.92,44.54390197
TURLOCK,95380,40541,33901,14.65740724,9.15,41.55616437
TURLOCK,95382,24691,46804,16.97557006,8.31,45.58322306
TWAIN HARTE,95383,4839,46488,15.52825937,7.05,41.4305339
VERNALIS,95385,262,31063,20.62209494,8.73,45.92712755
WATERFORD,95386,8303,39552,18.99688548,10.05,48.60867251
WESTLEY,95387,897,23833,16.06614147,12.06,44.64888048
WINTON,95388,11455,30833,15.71024493,10.83,44.18638175
YOSEMITE NATIONAL PARK,95389,1740,51500,10.66600205,6.66,36.09732531
SANTA ROSA,95401,36120,49192,16.48243973,8.13,45.01885945
SANTA ROSA,95403,40258,52434,16.72813153,7.95,45.50023262
SANTA ROSA,95404,35056,52864,17.70147465,7.41,46.04864701
SANTA ROSA,95405,22247,56945,18.15617844,7.35,47.41378296
SANTA ROSA,95407,30868,43533,16.98309392,9.63,46.04544067
SANTA ROSA,95409,25706,52912,17.56925819,6.63,45.14678733
ALBION,95410,1035,40491,15.80758427,6.18,39.74959527
ANNAPOLIS,95412,729,52955,14.902604,7.17,41.72653586
BOONVILLE,95415,1370,33214,17.01671648,8.37,42.32631435
BRANSCOMB,95417,166,45357,19.57389966,7.23,45.07472807
CAMP MEEKER,95419,425,37625,14.02006267,7.11,37.61810554
CASPAR,95420,317,37813,15.69325849,6.42,39.58616158
CAZADERO,95421,1569,36850,15.03223687,6.78,38.25352092
CLEARLAKE,95422,13477,20072,10.58951311,7.02,32.66216126
CLEARLAKE OAKS,95423,3677,27382,13.78488907,6.36,36.32346642
CLEARLAKE PARK,95424,91,17143,9.259031536,6.99,31.25246887
CLOVERDALE,95425,9196,45681,18.71720698,8.04,46.41582798
COBB,95426,1589,52500,17.24529241,7.62,45.35665826
COMPTCHE,95427,368,23583,14.20549774,6.6,36.0435005
COVELO,95428,2285,28092,15.33125768,8.1,39.24929288
DOS RIOS,95429,78,57917,18.61860372,6.69,44.6535004
DUNCANS MILLS,95430,175,35139,14.24112315,7.2,37.09342837
ELK,95432,366,46875,20.01158198,6.3,44.48910345
FORESTVILLE,95436,6201,46817,17.09016221,6.96,42.54019466
FORT BRAGG,95437,14410,33793,14.57587357,7.14,38.79663844
FULTON,95439,462,53884,18.74743453,9.24,49.08204106
GEYSERVILLE,95441,2332,53036,21.73389165,8.67,50.86970169
GLEN ELLEN,95442,4089,56140,19.04955162,6.99,46.55353597
GLENHAVEN,95443,159,39375,15.10001103,5.19,36.88022326
GRATON,95444,375,33750,14.13231066,8.22,40.20845153
GUALALA,95445,1912,46101,16.3766855,6.72,41.18741895
GUERNEVILLE,95446,4893,39906,14.46641263,6.36,37.81870266
HEALDSBURG,95448,17976,51207,18.47065467,7.98,47.04699661
HOPLAND,95449,1359,34022,17.18947628,9.33,44.17665865
JENNER,95450,424,38438,15.12449567,6.06,37.85877573
KELSEYVILLE,95451,9885,35298,15.67761606,7.47,40.89754343
KENWOOD,95452,1648,58421,20.96888906,7.11,49.43006114
LAKEPORT,95453,11176,33065,14.47915976,7.32,39.09364537
LAYTONVILLE,95454,2702,30025,16.53938623,7.53,39.62703668
LITTLE RIVER,95456,877,42045,16.31723077,5.61,40.69508883
LOWER LAKE,95457,2633,29250,16.64637035,7.17,40.52856868
LUCERNE,95458,2990,25345,12.57286754,6.42,34.57933609
MANCHESTER,95459,585,34792,13.92432684,6.99,37.77616645
MENDOCINO,95460,2223,43295,14.6069405,6.27,39.98942629
MIDDLETOWN,95461,7771,43200,19.28139668,7.74,45.70930613
MONTE RIO,95462,1524,38227,13.07158337,5.97,35.37254953
NAVARRO,95463,142,32422,15.46838571,6.99,41.00431413
NICE,95464,2219,25000,11.38367992,6.78,33.56681188
OCCIDENTAL,95465,1878,40994,16.5060656,7.2,40.81909275
PHILO,95466,1098,43015,20.05686796,8.64,46.84616597
POINT ARENA,95468,1346,28750,14.95754353,7.29,37.52350387
POTTER VALLEY,95469,1883,36354,18.14295164,8.04,43.61225936
REDWOOD VALLEY,95470,5975,44112,20.12711075,8.46,47.7057373
RIO NIDO,95471,296,40063,13.50169479,6.48,37.0764654
SEBASTOPOL,95472,31246,55766,20.43113642,7.53,49.24162813
SONOMA,95476,34310,50520,17.42132389,7.2,45.08591465
STEWARTS POINT,95480,27,28333,10.83663741,5.4,33.10707322
TALMAGE,95481,98,31250,24.67467765,9.51,52.82530723
UKIAH,95482,30987,36322,15.29418933,7.83,41.20344948
UPPER LAKE,95485,2334,27604,14.8449485,6.96,37.8459537
WESTPORT,95488,299,36250,15.01308082,6.48,38.18572247
WILLITS,95490,13463,33915,17.19170971,7.71,42.09465354
WINDSOR,95492,23688,63161,20.6419716,8.97,53.16877942
WITTER SPRINGS,95493,227,48036,22.76944844,8.01,50.41551316
YORKVILLE,95494,317,28056,17.2114311,7.65,40.2283375
THE SEA RANCH,95497,751,69327,13.61038867,5.64,41.10613171
EUREKA,95501,23212,26088,10.66267498,6.69,33.5644747
EUREKA,95503,23557,35899,16.29370469,7.38,42.12024963
ALDERPOINT,95511,245,29250,21.31732762,8.16,45.20164113
BLOCKSBURG,95514,198,37708,20.1701158,8.25,45.45867922
MCKINLEYVILLE,95519,15918,39058,18.12803275,7.71,44.48161897
ARCATA,95521,19585,24346,12.17958897,6.63,34.31448291
BAYSIDE,95524,1683,48917,21.32909438,7.65,50.17307737
BLUE LAKE,95525,1569,32961,17.12803137,6.81,41.36757802
BRIDGEVILLE,95526,685,25385,13.54142353,7.32,35.67373597
BURNT RANCH,95527,467,27333,14.85498814,6.69,36.85240393
CARLOTTA,95528,1068,35529,18.96549414,7.92,44.56435838
CRESCENT CITY,95531,23785,29718,14.0659433,7.77,38.91929024
FERNDALE,95536,2954,38438,18.1181028,7.35,43.46992541
FIELDS LANDING,95537,213,35313,14.32573127,7.53,40.06226563
FORTUNA,95540,12232,31373,14.93670279,7.38,39.74263184
GARBERVILLE,95542,2403,28049,16.2733647,6.81,38.78908806
GASQUET,95543,514,20511,16.48968126,7.41,40.14787706
HONEYDEW,95545,73,19500,13.81931317,6.45,33.90232435
HOOPA,95546,3040,20739,11.59972146,9.21,35.84740596
HYDESVILLE,95547,1196,42500,21.81412742,7.95,49.43506818
KLAMATH,95548,1205,31953,14.28080957,7.17,38.58171557
KNEELAND,95549,244,53750,28.32318212,7.95,56.68488426
KORBEL,95550,147,48750,22.94953267,9.81,52.33398729
LOLETA,95551,1437,31284,16.97079698,7.53,41.80618498
MAD RIVER,95552,257,24583,9.329586037,6.81,30.48848496
MIRANDA,95553,857,17422,12.89354935,6.54,32.5596525
MYERS FLAT,95554,630,33542,19.75059697,7.17,43.30662964
ORICK,95555,487,25417,14.76911051,7.26,37.0864624
ORLEANS,95556,569,26439,15.08346098,7.56,37.34490102
PETROLIA,95558,291,27857,14.97559543,6.57,35.98626031
PHILLIPSVILLE,95559,150,32125,17.45362535,6.81,40.75952958
REDWAY,95560,1831,28074,13.55598537,6.6,35.40563066
RIO DELL,95562,3267,29375,13.89670722,7.74,38.45676541
SALYER,95563,647,23750,12.6980957,6.66,34.07568715
SAMOA,95564,389,37500,17.62693537,7.47,42.71881878
SCOTIA,95565,1117,36544,16.40028104,9.15,44.23090052
SMITH RIVER,95567,2003,30303,15.36875539,7.92,39.93787602
SOMES BAR,95568,197,17750,11.96945807,7.05,32.82084423
REDCREST,95569,386,31607,17.33962873,6.9,40.01956836
TRINIDAD,95570,2352,33300,15.2518112,6.45,37.69054405
WEOTT,95571,256,30417,15.87153458,6.93,39.15335391
WILLOW CREEK,95573,1660,26763,13.52666327,6.75,35.26325062
LEGGETT,95585,303,23125,12.03704669,7.32,34.15052117
PIERCY,95587,193,22344,13.91561476,6.15,33.56538464
WHITETHORN,95589,737,43287,16.00784211,6.36,39.92137885
ZENIA,95595,253,21964,16.6345344,7.17,37.83047426
AMADOR CITY,95601,206,46250,22.93104705,7.35,48.84898956
AUBURN,95602,18184,47856,19.94456755,7.77,47.47892102
AUBURN,95603,24941,48520,17.47816834,7.11,44.90278703
WEST SACRAMENTO,95605,12747,26705,11.92299812,9.21,37.53452453
BROOKS,95606,375,45357,20.59282908,7.11,46.06054123
CAPAY,95607,255,80740,34.0100907,7.14,66.57423647
CARMICHAEL,95608,58819,45693,14.91189937,6.9,41.35606896
CITRUS HEIGHTS,95610,43716,45423,15.42864788,7.65,42.53798212
CLARKSBURG,95612,1401,44500,18.49831507,9.03,47.45793918
COLOMA,95613,42,13438,9.195170522,5.49,25.83898638
COOL,95614,3658,65625,27.88050692,8.19,58.83223294
COURTLAND,95615,695,34917,17.36614165,9.06,44.09176962
DAVIS,95616,67407,42110,14.50523528,7.5,40.78764498
DAVIS,95618,643,124434,24.70452871,7.02,65.9200811
DIAMOND SPRINGS,95619,4414,39575,17.83936854,7.86,43.44057952
DIXON,95620,18510,54448,21.2436066,9.48,53.00058602
CITRUS HEIGHTS,95621,41629,42584,15.8831837,7.44,42.57223013
EL DORADO,95623,4096,39638,20.40031281,7.47,45.5890857
ELK GROVE,95624,38521,65850,21.9580671,9.18,55.56683938
ELMIRA,95625,153,47813,13.41609226,7.29,39.20609553
ELVERTA,95626,6178,46681,23.08136993,9.75,53.0411013
ESPARTO,95627,2753,40459,20.53153404,8.82,48.19870573
FAIR OAKS,95628,40739,60383,19.21598732,7.56,49.57221238
FIDDLETOWN,95629,832,48942,23.36894415,7.2,49.72726438
FOLSOM,95630,51849,73240,18.77565951,7.83,51.70371471
FORESTHILL,95631,5703,51000,24.98085411,7.89,52.8658702
GALT,95632,24183,46319,20.1915783,9.54,50.42240075
GARDEN VALLEY,95633,2518,54643,27.29234683,8.04,55.72388717
GEORGETOWN,95634,2709,41004,22.23051353,7.44,47.56852809
GREENWOOD,95635,1136,48194,23.40728666,8.1,50.68458438
GRIZZLY FLATS,95636,647,40526,18.12151152,7.44,43.63622895
GUINDA,95637,226,41500,13.51350442,7.89,38.93116779
HERALD,95638,1728,72708,28.9277122,8.94,62.0320287
HOOD,95639,212,25972,14.84183035,7.65,37.23907186
IONE,95640,9734,41910,18.99921148,8.16,46.17277056
ISLETON,95641,2004,37305,15.44356238,6.9,39.81454862
JACKSON,95642,6193,40019,16.8448807,6.75,42.22615802
KNIGHTS LANDING,95645,1776,37167,17.00604189,9.27,43.7961892
KIRKWOOD,95646,123,43750,8.358837964,11.19,37.33343278
LINCOLN,95648,15269,50638,19.82115723,8.55,49.19162671
LOOMIS,95650,11180,65327,24.71562334,8.37,56.67764467
LOTUS,95651,483,40938,17.56934397,7.5,42.54949945
MADISON,95653,824,34750,18.79929918,11.55,48.09973825
MATHER,95655,914,8292,5.677930647,7.44,25.49999907
NEWCASTLE,95658,6095,60208,24.77603228,7.8,54.66792519
NICOLAUS,95659,750,47143,20.70263305,7.77,47.61913753
NORTH HIGHLANDS,95660,32190,32826,13.90743652,9.06,41.34339597
ROSEVILLE,95661,25161,58606,17.62089746,7.53,47.35859425
ORANGEVALE,95662,32035,54316,19.65500356,8.13,49.68398003
PENRYN,95663,2035,60560,26.84298831,8.25,57.36163524
PILOT HILL,95664,1156,42467,23.87514104,8.43,50.88348537
PINE GROVE,95665,4351,49784,19.71303158,7.23,46.33660117
PIONEER,95666,5496,37175,15.88173599,6.75,39.76408136
PLACERVILLE,95667,34138,47707,20.11024469,7.53,46.93716628
PLEASANT GROVE,95668,892,39306,21.43380238,8.37,47.93609027
PLYMOUTH,95669,2214,42955,20.60979077,7.47,46.5016803
RANCHO CORDOVA,95670,49713,45897,14.48584524,7.89,42.21633097
RESCUE,95672,3803,69662,28.73668287,8.79,61.54968061
RIO LINDA,95673,14007,44145,19.70026528,9.03,49.15515099
RIO OSO,95674,929,44432,21.92679216,8.61,49.86464413
RIVER PINES,95675,352,35670,13.47382394,7.59,37.21896701
ROBBINS,95676,367,42143,19.00917279,10.38,47.70545652
ROCKLIN,95677,21505,54111,18.10622407,7.8,47.46775832
ROSEVILLE,95678,30597,49615,16.15378998,7.77,44.48942986
SHERIDAN,95681,1216,42543,22.60265938,9,51.19925824
SHINGLE SPRINGS,95682,24721,64454,22.89554255,8.16,53.29483672
SLOUGHHOUSE,95683,4711,78260,23.4336275,7.2,55.48940772
SOMERSET,95684,2951,45000,23.77768098,7.86,50.4437451
SUTTER CREEK,95685,4606,47589,19.6112995,7.08,46.38632876
THORNTON,95686,1467,30469,18.67937476,9.93,46.23832825
VACAVILLE,95687,63144,56811,19.32675682,8.4,49.99073487
VACAVILLE,95688,32552,61828,21.84223062,8.61,53.90679253
VOLCANO,95689,1264,52100,21.28254442,7.05,48.38034416
WALNUT GROVE,95690,2324,37026,15.21578063,8.1,40.56909668
WEST SACRAMENTO,95691,19040,35811,14.12382102,7.71,39.7310872
WHEATLAND,95692,3589,39167,19.18279514,8.76,47.14391544
WILTON,95693,5886,68187,26.50054817,9,59.20708209
WINTERS,95694,8397,49038,22.02047955,9.45,52.42463794
WOODLAND,95695,38537,43237,16.53029444,8.28,44.34600448
ALTA,95701,732,46250,21.70791816,8.01,48.50380056
APPLEGATE,95703,1512,57992,25.28219225,7.5,53.65735954
CAMINO,95709,4825,46179,19.70842279,7.71,46.28001943
COLFAX,95713,8510,47467,21.63742374,7.74,48.48738138
DUTCH FLAT,95714,333,58750,18.3410882,7.05,46.65157456
EMIGRANT GAP,95715,180,42500,14.81169692,8.58,40.93578283
GOLD RUN,95717,405,31607,17.81890356,7.32,40.96776227
KYBURZ,95720,167,31429,10.792388,6.27,32.38272395
MEADOW VISTA,95722,3728,60868,23.97289922,8.19,53.43476139
POLLOCK PINES,95726,8567,45991,19.93525914,7.53,46.01972339
SODA SPRINGS,95728,76,67569,8.869266657,6.72,36.44697086
TWIN BRIDGES,95735,14,97467,14.37759489,6,46.07834262
WEIMAR,95736,29,36250,12.16041529,4.59,32.82117337
RANCHO CORDOVA,95742,294,49625,18.29616521,6,42.74553958
GRANITE BAY,95746,20663,100986,27.98237858,9.09,68.73817333
ROSEVILLE,95747,25410,62922,20.0393878,7.71,51.15200527
ELK GROVE,95758,47063,68026,20.9377538,8.94,54.58676779
EL DORADO HILLS,95762,22021,91529,26.75050007,9.12,64.95321104
ROCKLIN,95765,15476,83095,21.68088088,8.85,58.30312094
WOODLAND,95776,15017,46999,18.33567203,9.78,48.52632722
SACRAMENTO,95814,16598,20473,6.494642411,4.62,23.78707817
SACRAMENTO,95815,25350,25970,10.58740524,8.25,34.69927531
SACRAMENTO,95816,16157,35282,10.3704013,4.98,31.45289082
SACRAMENTO,95817,14963,26331,9.920826738,7.41,33.46594063
SACRAMENTO,95818,21298,39412,11.85243208,6.36,36.56149055
SACRAMENTO,95819,15964,55811,14.97369923,5.94,42.36606097
SACRAMENTO,95820,37021,31670,12.05868916,8.67,38.50520519
SACRAMENTO,95821,35408,35453,12.40247001,6.75,36.45952433
SACRAMENTO,95822,44678,35485,13.13105055,8.34,39.99465313
SACRAMENTO,95823,72194,36001,13.09233244,9.54,40.88960546
SACRAMENTO,95824,30568,27429,11.74225101,10.26,39.0279373
SACRAMENTO,95825,30708,35228,11.12856837,5.82,32.86202316
SACRAMENTO,95826,38799,42562,14.83560675,7.2,40.94887584
SACRAMENTO,95827,19599,42910,15.47810048,7.98,42.55343111
SACRAMENTO,95828,54862,45137,16.38525748,9.81,46.63525042
SACRAMENTO,95829,11380,63774,22.71722491,9.24,55.97061475
SACRAMENTO,95830,580,53800,32.55155961,8.94,63.2049046
SACRAMENTO,95831,42821,57329,16.17758205,7.08,44.70497598
SACRAMENTO,95832,9059,28598,14.18576412,12.72,45.34324727
SACRAMENTO,95833,31414,44674,13.92937991,7.74,40.36810253
SACRAMENTO,95834,8392,42890,14.52594416,7.8,40.66901408
SACRAMENTO,95835,834,63611,19.11422134,8.85,51.34723053
SACRAMENTO,95837,254,87622,23.25852796,6.93,56.29977639
SACRAMENTO,95838,34879,31290,13.51737973,10.17,41.72302042
SACRAMENTO,95841,20975,33918,13.3136452,7.11,37.38432711
SACRAMENTO,95842,31369,40244,14.96916894,8.16,41.69424726
ANTELOPE,95843,36421,59151,19.24857837,9.36,51.66220992
SACRAMENTO,95864,23355,59570,17.56889734,7.05,47.51234236
MARYSVILLE,95901,38072,29395,14.68790207,8.7,40.49908519
BEALE AFB,95903,5638,32917,14.74347565,9.54,41.62970821
ALLEGHANY,95910,106,30875,14.06543684,7.08,37.38905846
ARBUCKLE,95912,4795,40115,18.94735266,9.75,47.88231215
ARTOIS,95913,209,35625,18.01219484,7.95,43.42755832
BANGOR,95914,610,26667,17.44540128,7.08,40.08899564
BERRY CREEK,95916,1276,29883,16.42484139,7.17,39.42141793
BIGGS,95917,3154,36950,19.28088649,9.03,47.77872534
BROWNS VALLEY,95918,1467,42467,24.63360843,7.89,51.05651228
BROWNSVILLE,95919,1230,26105,15.06493844,6.69,36.54104929
BUTTE CITY,95920,291,22917,14.26447805,8.82,38.6277896
CAMPTONVILLE,95922,613,24500,15.41631337,6.51,36.451109
CANYON DAM,95923,67,40833,10.83427248,5.04,32.84931804
CHALLENGE,95925,243,37045,18.23134351,6.87,42.64403314
CHICO,95926,35803,28831,12.90247724,7.08,36.77268527
CHICO,95928,32831,30536,14.26691605,7.56,39.02100081
CLIPPER MILLS,95930,277,36339,13.96958448,6.69,38.06433034
COLUSA,95932,7486,33893,15.85294638,8.25,42.53972584
CRESCENT MILLS,95934,172,16597,22.29089941,7.59,44.37045756
DOBBINS,95935,598,24750,14.65257091,6.69,36.19862292
DOWNIEVILLE,95936,391,42500,16.15164777,5.88,40.71345619
DURHAM,95938,3519,51290,22.61732864,8.25,52.43158589
ELK CREEK,95939,586,24861,15.07780168,8.07,38.32726917
FORBESTOWN,95941,444,26429,15.69334319,6.6,37.01984063
FOREST RANCH,95942,1350,55875,20.07877002,7.26,47.35891235
GLENN,95943,1436,34181,19.61682253,9.12,46.79962962
GOODYEARS BAR,95944,69,62917,22.79925561,6.9,51.35839083
GRASS VALLEY,95945,23979,33629,15.08008365,6.93,39.35066182
PENN VALLEY,95946,9745,50591,21.07983317,7.32,48.34801731
GREENVILLE,95947,2060,30146,15.99532702,7.17,39.75006873
GRIDLEY,95948,9747,30354,16.15138783,8.64,42.75701047
GRASS VALLEY,95949,17909,50816,22.16228392,7.62,49.74827166
GRIMES,95950,516,28750,13.51049323,9.12,39.11480809
HAMILTON CITY,95951,1922,34012,17.45462023,10.77,46.75750083
LIVE OAK,95953,8686,30030,16.85363533,9.72,44.60261749
MAGALIA,95954,11160,32813,17.31343937,7.17,40.92145331
MAXWELL,95955,1137,35313,18.41735135,9.18,46.49041606
MEADOW VALLEY,95956,290,31875,20.55937778,6.81,46.02904274
MERIDIAN,95957,756,31797,17.16750604,7.65,42.63970272
NEVADA CITY,95959,17267,45803,19.59294281,7.32,46.38831552
NORTH SAN JUAN,95960,554,41875,18.87435663,6.81,42.68584095
OLIVEHURST,95961,6435,27420,14.07889543,9.21,40.66048141
OREGON HOUSE,95962,1512,40238,19.23197091,7.23,43.9453213
ORLAND,95963,13700,31575,17.52231772,8.37,43.36484048
OROVILLE,95965,17778,24523,14.12897002,7.95,38.18373688
OROVILLE,95966,28368,31814,15.83362491,7.77,40.94330173
PALERMO,95968,1241,31168,17.67069194,9.15,45.37795632
PARADISE,95969,28304,31826,14.75561257,6.72,39.1892362
PRINCETON,95970,489,40417,20.40992978,8.1,48.35082254
QUINCY,95971,6186,36938,15.8302685,6.78,41.32044135
RACKERBY,95972,130,23409,20.34041853,7.35,42.0423642
CHICO,95973,26954,41111,17.73748191,7.44,44.16032923
RICHVALE,95974,56,47813,19.37653884,7.65,49.26682538
ROUGH AND READY,95975,1595,44643,20.66561618,7.35,46.71418827
SMARTVILLE,95977,945,46141,25.73563341,8.22,53.34023323
STIRLING CITY,95978,16,61250,31.13938586,5.34,56.59081787
STONYFORD,95979,826,26250,15.39199671,7.02,37.6428029
STRAWBERRY VALLEY,95981,98,14318,7.433276261,5.64,27.25045889
SUTTER,95982,3176,42903,21.21018073,9.36,51.19206583
TAYLORSVILLE,95983,498,31719,18.45363572,6.99,43.81392125
TWAIN,95984,65,16786,11.7157456,6.09,30.51628155
WASHINGTON,95986,140,21667,10.44468593,6,29.8337081
WILLIAMS,95987,4564,36146,17.57871392,10.32,46.17006498
WILLOWS,95988,8807,32586,16.28975156,8.31,42.53678569
YUBA CITY,95991,34957,33182,14.29115011,8.28,40.38066603
YUBA CITY,95993,27784,47099,19.86204483,8.7,49.63442317
REDDING,96001,31585,34560,14.94130007,7.35,40.2869033
REDDING,96002,30333,34507,14.94380053,7.92,41.13404433
REDDING,96003,41463,35917,15.4720432,7.23,40.66556654
ADIN,96006,599,32250,15.69507945,6.99,41.58355778
ANDERSON,96007,21400,29564,15.81797018,7.89,40.83938254
BELLA VISTA,96008,894,43281,23.01506022,8.04,50.14423394
BIEBER,96009,579,28611,16.54801503,8.19,43.23334081
BIG BAR,96010,253,21000,14.9014913,7.29,37.61551879
BIG BEND,96011,260,23250,12.65414426,7.08,35.1192017
BURNEY,96013,4536,30882,15.03006712,7.29,40.21476581
CALLAHAN,96014,286,37232,20.40352644,7.32,47.6187216
CANBY,96015,403,26750,11.78336541,6.81,35.79054838
CASSEL,96016,326,50000,18.95261895,6.27,45.7882351
CASTELLA,96017,222,31250,13.19581387,6.21,37.56531159
SHASTA LAKE,96019,6271,25876,13.73188015,7.92,38.32246534
CHESTER,96020,2645,36328,14.22832113,6.96,39.1751
CORNING,96021,13828,28634,15.47782062,8.31,40.46070177
COTTONWOOD,96022,12347,38049,20.34182619,8.28,47.00882934
DORRIS,96023,1151,24405,14.53047855,7.5,40.61078558
DOUGLAS CITY,96024,940,31635,15.87600954,6.99,39.28068644
DUNSMUIR,96025,2593,23583,11.78967267,6.6,36.54542291
ETNA,96027,2147,31250,19.29335677,7.38,46.41523649
FALL RIVER MILLS,96028,1901,31797,16.56842168,7.32,41.88875526
FLOURNOY,96029,70,48000,21.50176066,8.07,48.79097878
FORKS OF SALMON,96031,168,14167,10.46559333,6.63,29.73571058
FORT JONES,96032,2329,31849,18.32122652,6.96,44.66230976
FRENCH GULCH,96033,361,29250,20.36629733,6.99,43.59365752
GAZELLE,96034,373,35417,18.25901685,7.41,44.85909702
GERBER,96035,3351,28382,16.52018632,8.82,42.12755292
GREENVIEW,96037,275,26563,21.0777256,7.05,47.48610876
GRENADA,96038,600,31083,17.7483825,7.35,44.15224433
HAPPY CAMP,96039,1277,23095,12.20994543,7.05,34.92293398
HAT CREEK,96040,392,30469,15.33877332,7.41,40.45670974
HAYFORK,96041,2505,23349,15.72246426,7.08,38.06274621
HORNBROOK,96044,1018,26635,17.21192866,6.9,41.71783881
HYAMPOM,96046,248,15469,12.10390407,5.94,30.24693581
IGO,96047,907,29034,20.03278488,7.38,43.43989081
JUNCTION CITY,96048,725,33854,19.47687436,6.69,43.05363713
KLAMATH RIVER,96050,467,22083,14.38845063,6.6,36.61272077
LAKEHEAD,96051,1228,36219,17.5295234,6.63,42.76642106
LEWISTON,96052,1837,31935,16.10325185,6.96,40.03608824
LOOKOUT,96054,367,24250,15.59506641,7.23,40.20368149
LOS MOLINOS,96055,3740,30690,17.5467486,7.8,41.55934962
MCARTHUR,96056,1546,28750,18.19874278,7.53,44.08733474
MCCLOUD,96057,1582,31331,14.62225121,6.84,40.43126783
MACDOEL,96058,811,22266,14.12415738,8.19,39.84790955
MANTON,96059,586,29167,15.733012,6.84,38.65715123
MILL CREEK,96061,77,44375,10.44479997,6.6,34.76766695
MILLVILLE,96062,810,49583,28.99526821,8.73,57.88759019
MINERAL,96063,109,31875,9.820965776,6.06,32.17876852
MONTAGUE,96064,4582,30016,18.10506969,7.41,44.46229371
MONTGOMERY CREEK,96065,417,27692,14.38033909,7.44,37.77736937
MOUNT SHASTA,96067,7295,32933,15.91480667,6.75,42.66455061
NUBIEBER,96068,220,15938,11.25452147,8.01,34.70829877
OAK RUN,96069,820,36250,21.46629476,7.53,46.47625231
OLD STATION,96071,169,24219,12.22292609,6.12,33.26581939
PALO CEDRO,96073,4930,53403,25.8309974,8.52,55.78753405
PASKENTA,96074,259,22321,16.62121525,7.44,38.68431716
PAYNES CREEK,96075,417,24167,15.06316638,7.35,37.55609192
PLATINA,96076,206,21875,16.5601587,6.15,36.44181477
RED BLUFF,96080,26426,32095,15.75604742,7.5,40.63844667
ROUND MOUNTAIN,96084,442,34375,20.2715914,7.02,44.88147897
SCOTT BAR,96085,68,22813,17.58291645,6.39,41.17795035
SEIAD VALLEY,96086,324,22679,13.18688092,6.45,35.24768057
SHASTA,96087,524,43393,21.31595047,7.23,47.87165485
SHINGLETOWN,96088,4215,33675,18.3617089,7.29,42.9158885
TEHAMA,96090,390,23571,14.36408094,7.44,38.1215803
TRINITY CENTER,96091,729,30417,13.18061095,6.27,35.50034343
VINA,96092,435,27308,15.49784367,8.76,40.07233954
WEAVERVILLE,96093,3746,31056,14.93909648,6.87,38.36433256
WEED,96094,5883,31171,15.29726956,7.23,41.67108063
WHITMORE,96096,824,38977,21.39332692,7.17,46.49625129
YREKA,96097,9528,29392,14.4847245,6.87,39.8505245
ALTURAS,96101,5092,27942,15.31289312,7.17,40.42011013
BLAIRSDEN-GRAEAGLE,96103,1837,50888,15.4983533,6.24,42.71817591
CEDARVILLE,96104,849,32159,16.97257721,6.63,41.790181
CHILCOOT,96105,631,32917,14.96441892,7.32,38.71873661
CLIO,96106,78,22019,16.50530902,6.87,37.5428783
COLEVILLE,96107,1318,32165,16.36672989,7.41,40.87063414
DAVIS CREEK,96108,91,44722,9.160515297,6.66,35.99271098
DOYLE,96109,1164,28359,18.41422737,7.47,41.9979191
EAGLEVILLE,96110,116,47708,19.7314131,6.81,46.94590758
FORT BIDWELL,96112,214,20417,10.11435508,6.69,32.51869273
HERLONG,96113,928,34405,15.22190564,7.5,39.82588596
JANESVILLE,96114,3089,43405,23.06273123,8.16,51.46578934
LAKE CITY,96115,122,27083,20.97425288,6.9,43.91174408
LIKELY,96116,257,14722,14.08437819,6.84,35.8684017
LITCHFIELD,96117,376,39219,21.96274818,8.13,49.09267403
LOYALTON,96118,1802,32917,18.51053954,7.62,44.14247736
MADELINE,96119,70,14583,9.100795725,7.5,29.36724607
MARKLEEVILLE,96120,948,40441,15.77367705,7.47,41.47755546
MILFORD,96121,478,45357,17.74600275,7.59,44.52954304
PORTOLA,96122,4229,32692,15.30808618,7.35,40.27114449
RAVENDALE,96123,44,21667,11.49428219,6.63,34.86206511
CALPINE,96124,320,42692,16.55274291,6.48,40.68878994
SIERRA CITY,96125,328,31917,13.10319984,6.18,35.31005809
SIERRAVILLE,96126,207,33125,12.72594602,7.14,37.08324158
STANDISH,96128,388,30139,17.55540494,7.92,43.34993163
SUSANVILLE,96130,19433,38386,15.99339368,7.77,42.60485273
TERMO,96132,61,12917,9.758425349,6.54,29.51254233
TOPAZ,96133,99,70250,23.99284802,6.33,51.64684444
TULELAKE,96134,2586,27383,14.58835295,8.31,41.89539011
WENDEL,96136,149,26875,22.56631099,6.87,44.88558874
WESTWOOD,96137,4152,34232,12.54231331,6.99,37.2881518
CARNELIAN BAY,96140,1928,58000,13.24597432,7.17,45.0861433
HOMEWOOD,96141,840,75863,13.64419191,6.84,46.65747515
TAHOMA,96142,1282,50270,11.99737816,6.84,40.34561511
KINGS BEACH,96143,4802,38366,11.52536355,8.25,39.45872195
TAHOE CITY,96145,3997,54545,12.22943037,6.78,42.1788172
OLYMPIC VALLEY,96146,926,64000,14.27570041,6.87,43.99197536
TAHOE VISTA,96148,669,43859,13.4249583,8.16,41.99920038
SOUTH LAKE TAHOE,96150,33024,40076,12.13538693,7.56,40.25127289
TRUCKEE,96161,15781,58113,14.66356266,8.01,45.59050692
